Workbook

Sheet 全馬データ
A1: 開催日 | B1: 場 | C1: R | D1: 馬番 | E1: 馬名 | F1: Eval馬券内率(%) | G1: Eval順位 | H1: 着順 | I1: 3着内 | J1: 複勝払戻(円) | K1: 最終複勝オッズ下限 | L1: 最終複勝オッズ上限 | M1: 備考
A2: 46228 | B2: 新潟 | C2: 1 | D2: 1 | E2: コスモバルムンク | F2: 34 | G2: 4 | H2: 4 | I2: {=IF(A2:A16977="","",IF(ISNUMBER(H2:H16977),IF(H2:H16977<=3,"○","×"),""))} -> × | M2: 画像OCR＋目視補正／着順4=4着以下
A3: 46228 | B3: 新潟 | C3: 1 | D3: 2 | E3: フルーツバスケット | F3: 31 | G3: 5 | H3: 2 | I3: ○ | J3: 120 | M3: 画像OCR＋目視補正／着順4=4着以下
A4: 46228 | B4: 新潟 | C4: 1 | D4: 3 | E4: ソラニワラエバ | F4: 31 | G4: 5 | H4: 4 | I4: × | M4: 画像OCR＋目視補正／着順4=4着以下
A5: 46228 | B5: 新潟 | C5: 1 | D5: 4 | E5: コルサロ | F5: 37 | G5: 3 | H5: 4 | I5: × | M5: 画像OCR＋目視補正／着順4=4着以下
A6: 46228 | B6: 新潟 | C6: 1 | D6: 5 | E6: トリプティーク | F6: 6 | G6: 10 | H6: 4 | I6: × | M6: 画像OCR＋目視補正／着順4=4着以下
A7: 46228 | B7: 新潟 | C7: 1 | D7: 6 | E7: ローグアン | F7: 13 | G7: 8 | H7: 4 | I7: × | M7: 画像OCR＋目視補正／着順4=4着以下
A8: 46228 | B8: 新潟 | C8: 1 | D8: 7 | E8: ノシェリー | F8: 44 | G8: 2 | H8: 3 | I8: ○ | J8: 130 | M8: 画像OCR＋目視補正／着順4=4着以下
A9: 46228 | B9: 新潟 | C9: 1 | D9: 8 | E9: ランドジャイアンツ | F9: 29 | G9: 7 | H9: 4 | I9: × | M9: 画像OCR＋目視補正／着順4=4着以下
A10: 46228 | B10: 新潟 | C10: 1 | D10: 9 | E10: ワンコール | F10: 10 | G10: 9 | H10: 4 | I10: × | M10: 画像OCR＋目視補正／着順4=4着以下
A11: 46228 | B11: 新潟 | C11: 1 | D11: 10 | E11: レゾルーティオ | F11: 60 | G11: 1 | H11: 1 | I11: ○ | J11: 110 | M11: 画像OCR＋目視補正／着順4=4着以下
A12: 46228 | B12: 新潟 | C12: 2 | D12: 1 | E12: エレクトス | F12: 31 | G12: 3 | H12: 4 | I12: × | M12: 画像OCR＋目視補正／着順4=4着以下
A13: 46228 | B13: 新潟 | C13: 2 | D13: 2 | E13: リコルディオーロ | F13: 31 | G13: 3 | H13: 4 | I13: × | M13: 画像OCR＋目視補正／着順4=4着以下
A14: 46228 | B14: 新潟 | C14: 2 | D14: 3 | E14: モミスケ | F14: 14 | G14: 10 | H14: 4 | I14: × | M14: 画像OCR＋目視補正／着順4=4着以下
A15: 46228 | B15: 新潟 | C15: 2 | D15: 4 | E15: ピウモッソ | F15: 37 | G15: 1 | H15: 4 | I15: × | M15: 画像OCR＋目視補正／着順4=4着以下
A16: 46228 | B16: 新潟 | C16: 2 | D16: 5 | E16: ランズエンド | F16: 27 | G16: 7 | H16: 4 | I16: × | M16: 画像OCR＋目視補正／着順4=4着以下
A17: 46228 | B17: 新潟 | C17: 2 | D17: 6 | E17: ユイチャンファイト | F17: 14 | G17: 10 | H17: 4 | I17: × | M17: 画像OCR＋目視補正／着順4=4着以下
A18: 46228 | B18: 新潟 | C18: 2 | D18: 7 | E18: サザンキンレンカ | F18: 27 | G18: 7 | H18: 4 | I18: × | M18: 画像OCR＋目視補正／着順4=4着以下
A19: 46228 | B19: 新潟 | C19: 2 | D19: 8 | E19: アレックスケー | F19: 31 | G19: 3 | H19: 3 | I19: ○ | J19: 370 | M19: 画像OCR＋目視補正／着順4=4着以下
A20: 46228 | B20: 新潟 | C20: 2 | D20: 9 | E20: スクワミッシュ | F20: 37 | G20: 1 | H20: 4 | I20: × | M20: 画像OCR＋目視補正／着順4=4着以下
A21: 46228 | B21: 新潟 | C21: 2 | D21: 10 | E21: ライヴバーボン | F21: 14 | G21: 10 | H21: 4 | I21: × | M21: 画像OCR＋目視補正／着順4=4着以下
A22: 46228 | B22: 新潟 | C22: 2 | D22: 11 | E22: イニシャルポイント | F22: 6 | G22: 14 | H22: 2 | I22: ○ | J22: 180 | M22: 画像OCR＋目視補正／着順4=4着以下
A23: 46228 | B23: 新潟 | C23: 2 | D23: 12 | E23: ミカミッチー | F23: 16 | G23: 9 | H23: 1 | I23: ○ | J23: 560 | M23: 画像OCR＋目視補正／着順4=4着以下
A24: 46228 | B24: 新潟 | C24: 2 | D24: 13 | E24: オンアロール | F24: 31 | G24: 3 | H24: 4 | I24: × | M24: 画像OCR＋目視補正／着順4=4着以下
A25: 46228 | B25: 新潟 | C25: 2 | D25: 14 | E25: コパノフラメンコ | F25: 12 | G25: 13 | H25: 4 | I25: × | M25: 画像OCR＋目視補正／着順4=4着以下
A26: 46228 | B26: 新潟 | C26: 3 | D26: 1 | E26: トルタパスカリーナ | F26: 37 | G26: 1 | H26: 2 | I26: ○ | J26: 110 | M26: 画像OCR＋目視補正／着順4=4着以下
A27: 46228 | B27: 新潟 | C27: 3 | D27: 2 | E27: リーペベラーリア | F27: 24 | G27: 4 | H27: 4 | I27: × | M27: 画像OCR＋目視補正／着順4=4着以下
A28: 46228 | B28: 新潟 | C28: 3 | D28: 3 | E28: スターマイン | F28: 27 | G28: 3 | H28: 4 | I28: × | M28: 画像OCR＋目視補正／着順4=4着以下
A29: 46228 | B29: 新潟 | C29: 3 | D29: 4 | E29: セプタードアイル | F29: 31 | G29: 2 | H29: 1 | I29: ○ | J29: 190 | M29: 画像OCR＋目視補正／着順4=4着以下
A30: 46228 | B30: 新潟 | C30: 3 | D30: 5 | E30: サトノスプレマシ | F30: 21 | G30: 6 | H30: 4 | I30: × | M30: 画像OCR＋目視補正／着順4=4着以下
A31: 46228 | B31: 新潟 | C31: 3 | D31: 6 | E31: スイートアリッサム | F31: 6 | G31: 8 | H31: 4 | I31: × | M31: 画像OCR＋目視補正／着順4=4着以下
A32: 46228 | B32: 新潟 | C32: 3 | D32: 7 | E32: プレママドンナ | F32: 21 | G32: 6 | H32: 4 | I32: × | M32: 画像OCR＋目視補正／着順4=4着以下
A33: 46228 | B33: 新潟 | C33: 3 | D33: 8 | E33: マリアンデール | F33: 24 | G33: 4 | H33: 3 | I33: ○ | J33: 270 | M33: 画像OCR＋目視補正／着順4=4着以下
A34: 46228 | B34: 新潟 | C34: 4 | D34: 1 | E34: サンマルオブウォ | F34: 4 | G34: 9 | H34: 4 | I34: × | M34: 画像OCR＋目視補正／着順4=4着以下
A35: 46228 | B35: 新潟 | C35: 4 | D35: 2 | E35: パチクリベスクリ | F35: 4 | G35: 9 | H35: 4 | I35: × | M35: 画像OCR＋目視補正／着順4=4着以下
A36: 46228 | B36: 新潟 | C36: 4 | D36: 3 | E36: プリプリプリン | F36: 44 | G36: 2 | H36: 1 | I36: ○ | J36: 140 | M36: 画像OCR＋目視補正／着順4=4着以下
A37: 46228 | B37: 新潟 | C37: 4 | D37: 4 | E37: スノーランス | F37: 37 | G37: 5 | H37: 3 | I37: ○ | J37: 180 | M37: 画像OCR＋目視補正／着順4=4着以下
A38: 46228 | B38: 新潟 | C38: 4 | D38: 5 | E38: シャインネージュニ | F38: 2 | G38: 14 | H38: 4 | I38: × | M38: 画像OCR＋目視補正／着順4=4着以下
A39: 46228 | B39: 新潟 | C39: 4 | D39: 6 | E39: ナーシリーヤ | F39: 8 | G39: 8 | H39: 4 | I39: × | M39: 画像OCR＋目視補正／着順4=4着以下
A40: 46228 | B40: 新潟 | C40: 4 | D40: 7 | E40: セイウンヤオヨロズ | F40: 41 | G40: 4 | H40: 4 | I40: × | M40: 画像OCR＋目視補正／着順4=4着以下
A41: 46228 | B41: 新潟 | C41: 4 | D41: 8 | E41: メイショウバリスタ | F41: 13 | G41: 7 | H41: 4 | I41: × | M41: 画像OCR＋目視補正／着順4=4着以下
A42: 46228 | B42: 新潟 | C42: 4 | D42: 9 | E42: ロジザポード | F42: 15 | G42: 6 | H42: 4 | I42: × | M42: 画像OCR＋目視補正／着順4=4着以下
A43: 46228 | B43: 新潟 | C43: 4 | D43: 10 | E43: スウィートラキ | F43: 4 | G43: 9 | H43: 4 | I43: × | M43: 画像OCR＋目視補正／着順4=4着以下
A44: 46228 | B44: 新潟 | C44: 4 | D44: 11 | E44: スウェーバック | F44: 3 | G44: 13 | H44: 4 | I44: × | M44: 画像OCR＋目視補正／着順4=4着以下
A45: 46228 | B45: 新潟 | C45: 4 | D45: 12 | E45: ジョイベル | F45: 1 | G45: 15 | H45: 4 | I45: × | M45: 画像OCR＋目視補正／着順4=4着以下
A46: 46228 | B46: 新潟 | C46: 4 | D46: 13 | E46: フジテンクウ | F46: 4 | G46: 9 | H46: 4 | I46: × | M46: 画像OCR＋目視補正／着順4=4着以下
A47: 46228 | B47: 新潟 | C47: 4 | D47: 14 | E47: マナイアカラニ | F47: 58 | G47: 1 | H47: 4 | I47: × | M47: 画像OCR＋目視補正／着順4=4着以下
A48: 46228 | B48: 新潟 | C48: 4 | D48: 15 | E48: オレンジキャンパス | F48: 44 | G48: 2 | H48: 2 | I48: ○ | J48: 170 | M48: 画像OCR＋目視補正／着順4=4着以下
A49: 46228 | B49: 新潟 | C49: 5 | D49: 1 | E49: スワローシチ | F49: 39 | G49: 3 | H49: 4 | I49: × | M49: 画像OCR＋目視補正／着順4=4着以下
A50: 46228 | B50: 新潟 | C50: 5 | D50: 2 | E50: コスモナエマ | F50: 23 | G50: 6 | H50: 4 | I50: × | M50: 画像OCR＋目視補正／着順4=4着以下
A51: 46228 | B51: 新潟 | C51: 5 | D51: 3 | E51: メイショウキンタイ | F51: 23 | G51: 6 | H51: 4 | I51: × | M51: 画像OCR＋目視補正／着順4=4着以下
A52: 46228 | B52: 新潟 | C52: 5 | D52: 4 | E52: ケイツールピア | F52: 8 | G52: 9 | H52: 4 | I52: × | M52: 画像OCR＋目視補正／着順4=4着以下
A53: 46228 | B53: 新潟 | C53: 5 | D53: 5 | E53: フィールドノート | F53: 58 | G53: 1 | H53: 1 | I53: ○ | J53: 130 | M53: 画像OCR＋目視補正／着順4=4着以下
A54: 46228 | B54: 新潟 | C54: 5 | D54: 6 | E54: カリーン | F54: 15 | G54: 8 | H54: 4 | I54: × | M54: 画像OCR＋目視補正／着順4=4着以下
A55: 46228 | B55: 新潟 | C55: 5 | D55: 7 | E55: オルグジェシダ | F55: 47 | G55: 2 | H55: 2 | I55: ○ | J55: 120 | M55: 画像OCR＋目視補正／着順4=4着以下
A56: 46228 | B56: 新潟 | C56: 5 | D56: 8 | E56: トラストモアリズム | F56: 8 | G56: 9 | H56: 4 | I56: × | M56: 画像OCR＋目視補正／着順4=4着以下
A57: 46228 | B57: 新潟 | C57: 5 | D57: 9 | E57: リアルセンタ | F57: 8 | G57: 9 | H57: 4 | I57: × | M57: 画像OCR＋目視補正／着順4=4着以下
A58: 46228 | B58: 新潟 | C58: 5 | D58: 10 | E58: ヴァリスマリネリス | F58: 39 | G58: 3 | H58: 4 | I58: × | M58: 画像OCR＋目視補正／着順4=4着以下
A59: 46228 | B59: 新潟 | C59: 5 | D59: 11 | E59: キシダンチョウ | F59: 31 | G59: 5 | H59: 3 | I59: ○ | J59: 140 | M59: 画像OCR＋目視補正／着順4=4着以下
A60: 46228 | B60: 新潟 | C60: 6 | D60: 1 | E60: ゴールドスタ | F60: 8 | G60: 13 | H60: 4 | I60: × | M60: 画像OCR＋目視補正／着順4=4着以下
A61: 46228 | B61: 新潟 | C61: 6 | D61: 2 | E61: ナファロア | F61: 6 | G61: 15 | H61: 4 | I61: × | M61: 画像OCR＋目視補正／着順4=4着以下
A62: 46228 | B62: 新潟 | C62: 6 | D62: 3 | E62: ラビットアイ | F62: 44 | G62: 3 | H62: 4 | I62: × | M62: 画像OCR＋目視補正／着順4=4着以下
A63: 46228 | B63: 新潟 | C63: 6 | D63: 4 | E63: ケイケイ | F63: 13 | G63: 10 | H63: 4 | I63: × | M63: 画像OCR＋目視補正／着順4=4着以下
A64: 46228 | B64: 新潟 | C64: 6 | D64: 5 | E64: ナグルファル | F64: 13 | G64: 10 | H64: 4 | I64: × | M64: 画像OCR＋目視補正／着順4=4着以下
A65: 46228 | B65: 新潟 | C65: 6 | D65: 6 | E65: ドリームクルーズ | F65: 8 | G65: 13 | H65: 4 | I65: × | M65: 画像OCR＋目視補正／着順4=4着以下
A66: 46228 | B66: 新潟 | C66: 6 | D66: 7 | E66: ガリレア | F66: 25 | G66: 4 | H66: 1 | I66: ○ | J66: 220 | M66: 画像OCR＋目視補正／着順4=4着以下
A67: 46228 | B67: 新潟 | C67: 6 | D67: 8 | E67: ルナルーチェット | F67: 20 | G67: 7 | H67: 4 | I67: × | M67: 画像OCR＋目視補正／着順4=4着以下
A68: 46228 | B68: 新潟 | C68: 6 | D68: 9 | E68: ジーネキング | F68: 50 | G68: 2 | H68: 2 | I68: ○ | J68: 160 | M68: 画像OCR＋目視補正／着順4=4着以下
A69: 46228 | B69: 新潟 | C69: 6 | D69: 10 | E69: メランジェ | F69: 13 | G69: 10 | H69: 4 | I69: × | M69: 画像OCR＋目視補正／着順4=4着以下
A70: 46228 | B70: 新潟 | C70: 6 | D70: 11 | E70: ソニックライン | F70: 25 | G70: 4 | H70: 4 | I70: × | M70: 画像OCR＋目視補正／着順4=4着以下
A71: 46228 | B71: 新潟 | C71: 6 | D71: 12 | E71: ギフテッド | F71: 15 | G71: 8 | H71: 4 | I71: × | M71: 画像OCR＋目視補正／着順4=4着以下
A72: 46228 | B72: 新潟 | C72: 6 | D72: 13 | E72: ミッキースターダム | F72: 15 | G72: 8 | H72: 4 | I72: × | M72: 画像OCR＋目視補正／着順4=4着以下
A73: 46228 | B73: 新潟 | C73: 6 | D73: 14 | E73: シャンソンドール | F73: 62 | G73: 1 | H73: 3 | I73: ○ | J73: 130 | M73: 画像OCR＋目視補正／着順4=4着以下
A74: 46228 | B74: 新潟 | C74: 6 | D74: 15 | E74: コルドンブル | F74: 23 | G74: 6 | H74: 4 | I74: × | M74: 画像OCR＋目視補正／着順4=4着以下
A75: 46228 | B75: 新潟 | C75: 7 | D75: 1 | E75: ポッドロワール | F75: 15 | G75: 10 | H75: 2 | I75: ○ | J75: 370 | M75: 画像OCR＋目視補正／着順4=4着以下
A76: 46228 | B76: 新潟 | C76: 7 | D76: 2 | E76: コートアリシアン | F76: 67 | G76: 1 | H76: 4 | I76: × | M76: 画像OCR＋目視補正／着順4=4着以下
A77: 46228 | B77: 新潟 | C77: 7 | D77: 3 | E77: エマヌエーレ | F77: 23 | G77: 5 | H77: 3 | I77: ○ | J77: 350 | M77: 画像OCR＋目視補正／着順4=4着以下
A78: 46228 | B78: 新潟 | C78: 7 | D78: 4 | E78: スマイルアップ | F78: 17 | G78: 9 | H78: 4 | I78: × | M78: 画像OCR＋目視補正／着順4=4着以下
A79: 46228 | B79: 新潟 | C79: 7 | D79: 5 | E79: エイムフォーエース | F79: 6 | G79: 14 | H79: 4 | I79: × | M79: 画像OCR＋目視補正／着順4=4着以下
A80: 46228 | B80: 新潟 | C80: 7 | D80: 6 | E80: ピコローズ | F80: 25 | G80: 4 | H80: 1 | I80: ○ | J80: 310 | M80: 画像OCR＋目視補正／着順4=4着以下
A81: 46228 | B81: 新潟 | C81: 7 | D81: 7 | E81: アームテイル | F81: 3 | G81: 16 | H81: 4 | I81: × | M81: 画像OCR＋目視補正／着順4=4着以下
A82: 46228 | B82: 新潟 | C82: 7 | D82: 8 | E82: ポボンヌソワレ | F82: 29 | G82: 3 | H82: 4 | I82: × | M82: 画像OCR＋目視補正／着順4=4着以下
A83: 46228 | B83: 新潟 | C83: 7 | D83: 9 | E83: モンテシート | F83: 23 | G83: 5 | H83: 4 | I83: × | M83: 画像OCR＋目視補正／着順4=4着以下
A84: 46228 | B84: 新潟 | C84: 7 | D84: 10 | E84: チューラワンサ | F84: 15 | G84: 10 | H84: 4 | I84: × | M84: 画像OCR＋目視補正／着順4=4着以下
A85: 46228 | B85: 新潟 | C85: 7 | D85: 11 | E85: ヴェサリウス | F85: 20 | G85: 8 | H85: 4 | I85: × | M85: 画像OCR＋目視補正／着順4=4着以下
A86: 46228 | B86: 新潟 | C86: 7 | D86: 12 | E86: ミストレス | F86: 6 | G86: 14 | H86: 4 | I86: × | M86: 画像OCR＋目視補正／着順4=4着以下
A87: 46228 | B87: 新潟 | C87: 7 | D87: 13 | E87: スティールブル | F87: 8 | G87: 12 | H87: 4 | I87: × | M87: 画像OCR＋目視補正／着順4=4着以下
A88: 46228 | B88: 新潟 | C88: 7 | D88: 14 | E88: ルミノメテオール | F88: 3 | G88: 16 | H88: 4 | I88: × | M88: 画像OCR＋目視補正／着順4=4着以下
A89: 46228 | B89: 新潟 | C89: 7 | D89: 15 | E89: ウナギノボリ | F89: 1 | G89: 18 | H89: 4 | I89: × | M89: 画像OCR＋目視補正／着順4=4着以下
A90: 46228 | B90: 新潟 | C90: 7 | D90: 16 | E90: キタサンダムール | F90: 23 | G90: 5 | H90: 4 | I90: × | M90: 画像OCR＋目視補正／着順4=4着以下
A91: 46228 | B91: 新潟 | C91: 7 | D91: 17 | E91: モジャーリオミ | F91: 31 | G91: 2 | H91: 4 | I91: × | M91: 画像OCR＋目視補正／着順4=4着以下
A92: 46228 | B92: 新潟 | C92: 7 | D92: 18 | E92: フライングブレード | F92: 8 | G92: 12 | H92: 4 | I92: × | M92: 画像OCR＋目視補正／着順4=4着以下
A93: 46228 | B93: 新潟 | C93: 8 | D93: 1 | E93: ヴィエントデコラ | F93: 23 | G93: 5 | H93: 4 | I93: × | M93: 画像OCR＋目視補正／着順4=4着以下
A94: 46228 | B94: 新潟 | C94: 8 | D94: 2 | E94: ライヴスプーン | F94: 10 | G94: 8 | H94: 3 | I94: ○ | J94: 690 | M94: 画像OCR＋目視補正／着順4=4着以下
A95: 46228 | B95: 新潟 | C95: 8 | D95: 3 | E95: ケルピ | F95: 10 | G95: 8 | H95: 4 | I95: × | M95: 画像OCR＋目視補正／着順4=4着以下
A96: 46228 | B96: 新潟 | C96: 8 | D96: 4 | E96: メトロポリターナニ | F96: 4 | G96: 13 | H96: 4 | I96: × | M96: 画像OCR＋目視補正／着順4=4着以下
A97: 46228 | B97: 新潟 | C97: 8 | D97: 5 | E97: イリュストル | F97: 37 | G97: 3 | H97: 4 | I97: × | M97: 画像OCR＋目視補正／着順4=4着以下
A98: 46228 | B98: 新潟 | C98: 8 | D98: 6 | E98: ロケットパンチ | F98: 15 | G98: 7 | H98: 1 | I98: ○ | J98: 200 | M98: 画像OCR＋目視補正／着順4=4着以下
A99: 46228 | B99: 新潟 | C99: 8 | D99: 7 | E99: ハルノアラシ | F99: 10 | G99: 8 | H99: 4 | I99: × | M99: 画像OCR＋目視補正／着順4=4着以下
A100: 46228 | B100: 新潟 | C100: 8 | D100: 8 | E100: コッレヴェッキオ | F100: 29 | G100: 4 | H100: 4 | I100: × | M100: 画像OCR＋目視補正／着順4=4着以下
...

Sheet レース分析
A1: 開催日 | B1: 場 | C1: R | D1: 頭数 | E1: 1位馬番 | F1: 1位馬名 | G1: 1位率 | H1: 2位馬番 | I1: 2位馬名 | J1: 2位率 | K1: 3位馬番 | L1: 3位馬名 | M1: 3位率 | N1: 1位-2位差 | O1: 2位-3位差 | P1: 上位2頭合計 | Q1: 高信頼複勝 | R1: 独走複勝 | S1: 上位2頭ワイド | T1: 1位着順 | U1: 2位着順 | V1: 1-2ワイド | W1: 1位複勝払戻 | X1: ワイド払戻 | Y1: データ区分 | Z1: 備考 | AA1: 超高Eval | AB1: Eval80標準 | AC1: Eval80中差 | AD1: Eval80突出 | AE1: 70台突出 | AF1: 上位集中型 | AG1: 1位-3位断層型 | AH1: 少頭数高Eval | AI1: 1位-3位差 | AJ1: 1位Eval帯 | AK1: 1位-2位差帯 | AL1: 1位-3位差帯 | AM1: 上位2頭合計帯 | AN1: 頭数帯 | AO1: 1位最終複勝オッズ下限 | AP1: 1位複勝オッズ帯 | AQ1: レース属性 | AR1: race_name | AS1: race_type_code | AT1: race_type_label | AU1: race_condition_code | AV1: class_label | AW1: grade_code | AX1: grade_label | AY1: track_type | AZ1: track_label | BA1: distance | BB1: track_condition_code | BC1: track_condition_label | BD1: race_symbol_code | BE1: sex_condition_label | BF1: is_filly_only | BG1: weight_condition_code | BH1: weight_condition_label | BI1: declared_field_size | BJ1: turn_direction_code | BK1: turn_direction_label | BL1: inner_outer_code | BM1: inner_outer_label | BN1: course_code | BO1: course_label | BP1: event_region_code | BQ1: JRDB年齢条件 | BR1: JRDB距離帯 | BS1: JRDBグレード分類 | BT1: JRDB頭数照合 | BU1: JRDB性別条件
A2: 46228 | B2: 新潟 | C2: 1 | D2: 10 | E2: 10 | F2: レゾルーティオ | G2: 60 | H2: 7 | I2: ノシェリー | J2: 44 | K2: 4 | L2: コルサロ | M2: 37 | N2: =IF(A2="","",G2-J2) -> 16 | O2: =IF(A2="","",J2-M2) -> 7 | P2: =IF(A2="","",G2+J2) -> 104 | Q2: =IF(A2="","",IF(AND(Y2<>"参考",G2>=ルール設定!$B$2),"○","")) | R2: =IF(A2="","",IF(AND(Y2<>"参考",G2>=ルール設定!$B$3,N2>=ルール設定!$B$4),"○","")) | S2: =IF(A2="","",IF(AND(Y2<>"参考",G2>=ルール設定!$B$5,J2>=ルール設定!$B$6,O2>=ルール設定!$B$7),"○","")) | T2: 1 | U2: 3 | V2: =IF(A2="","",IF(AND(ISNUMBER(T2),ISNUMBER(U2)),IF(AND(T2<=3,U2<=3),"○","×"),"")) -> ○ | W2: 110 | X2: 260 | Y2: 事後発見 | AA2: {=IF(A2:A1146="","",IF((Y2:Y1146<>"参考")*(G2:G1146>=ルール設定!$B$10),"○",""))} | AB2: {=IF(A2:A1146="","",IF((Y2:Y1146<>"参考")*(G2:G1146>=ルール設定!$B$2)*(D2:D1146>=ルール設定!$B$11),"○",""))} | AC2: {=IF(A2:A1146="","",IF((Y2:Y1146<>"参考")*(G2:G1146>=ルール設定!$B$2)*(N2:N1146>=ルール設定!$B$12)*(N2:N1146<=ルール設定!$B$13),"○",""))} | AD2: {=IF(A2:A1146="","",IF((Y2:Y1146<>"参考")*(G2:G1146>=ルール設定!$B$2)*(N2:N1146>=ルール設定!$B$14),"○",""))} | AE2: {=IF(A2:A1146="","",IF((Y2:Y1146<>"参考")*(G2:G1146>=ルール設定!$B$15)*(G2:G1146<=ルール設定!$B$16)*(N2:N1146>=ルール設定!$B$14),"○",""))} | AF2: {=IF(A2:A1146="","",IF((Y2:Y1146<>"参考")*(G2:G1146>=ルール設定!$B$2)*(P2:P1146>=ルール設定!$B$17),"○",""))} | AG2: {=IF(A2:A1146="","",IF((Y2:Y1146<>"参考")*(G2:G1146>=ルール設定!$B$2)*(AI2:AI1146>=ルール設定!$B$18),"○",""))} | AH2: {=IF(A2:A1146="","",IF((Y2:Y1146<>"参考")*(G2:G1146>=ルール設定!$B$2)*(D2:D1146>=1)*(D2:D1146<=ルール設定!$B$19),"○",""))} | AI2: {=IF(A2:A1146="","",IF((ISNUMBER(G2:G1146))*(ISNUMBER(M2:M1146)),G2:G1146-M2:M1146,""))} -> 23 | AJ2: {=IF(A2:A1146="","",IF(NOT(ISNUMBER(G2:G1146)),"",IF(G2:G1146<=59,"～59",IF(G2:G1146<=69,"60～69",IF(G2:G1146<=74,"70～74",IF(G2:G1146<=79,"75～79",IF(G2:G1146<=84,"80～84","85以上")))))))} -> 60～69 | AK2: {=IF(A2:A1146="","",IF(NOT(ISNUMBER(N2:N1146)),"",IF(N2:N1146<=4,"0～4",IF(N2:N1146<=9,"5～9",IF(N2:N1146<=19,"10～19",IF(N2:N1146<=29,"20～29","30以上"))))))} -> 10～19 | AL2: {=IF(A2:A1146="","",IF(NOT(ISNUMBER(AI2:AI1146)),"",IF(AI2:AI1146<=9,"0～9",IF(AI2:AI1146<=19,"10～19",IF(AI2:AI1146<=29,"20～29",IF(AI2:AI1146<=39,"30～39","40以上"))))))} -> 20～29 | AM2: {=IF(A2:A1146="","",IF(NOT(ISNUMBER(P2:P1146)),"",IF(P2:P1146<=99,"～99",IF(P2:P1146<=119,"100～119",IF(P2:P1146<=139,"120～139",IF(P2:P1146<=159,"140～159","160以上"))))))} -> 100～119 | AN2: {=IF(A2:A1146="","",IF((NOT(ISNUMBER(D2:D1146)))+(D2:D1146<1),"",IF(D2:D1146<=7,"7以下",IF(D2:D1146<=11,"8～11",IF(D2:D1146<=14,"12～14","15以上")))))} -> 8～11 | AO2: =IF(A2="","",IF(COUNTIFS(全馬データ!$A$2:$A$50000,A2,全馬データ!$B$2:$B$50000,B2,全馬データ!$C$2:$C$50000,C2,全馬データ!$D$2:$D$50000,E2,全馬データ!$K$2:$K$50000,"<>")=0,"",SUMIFS(全馬データ!$K$2:$K$50000,全馬データ!$A$2:$A$50000,A2,全馬データ!$B$2:$B$50000,B2,全馬データ!$C$2:$C$50000,C2,全馬データ!$D$2:$D$50000,E2))) | AP2: =IF(A2="","",IF(AO2="","欠損",IF(AO2<=1.1,"1.0～1.1",IF(AO2<1.3,"1.2",IF(AO2<1.5,"1.3～1.4",IF(AO2<2,"1.5～1.9","2.0以上")))))) -> 欠損 | AQ2: =IF(A2="","",IF(ISNUMBER(SEARCH("2歳",Z2)),"2歳戦",IF(ISNUMBER(SEARCH("3歳未勝利",Z2)),"3歳未勝利",IF(ISNUMBER(SEARCH("未勝利",Z2)),"その他未勝利",IF(ISNUMBER(SEARCH("G1",Z2)),"G1",IF(ISNUMBER(SEARCH("G2",Z2)),"G2",IF(ISNUMBER(SEARCH("G3",Z2)),"G3",IF(ISNUMBER(SEARCH("古馬条件",Z2)),"古馬条件戦",IF(ISNUMBER(SEARCH("重賞",Z2)),"重賞","分類不能"))))))))) -> 分類不能 | AS2: 11 | AT2: 2歳 | AU2: A3 | AV2: 未勝利 | AY2: 1 | AZ2: 芝 | BA2: 1800 | BB2: 11 | BC2: 良 | BD2: 102 | BE2: 指定なし | BF2: 0 | BG2: 3 | BH2: 馬齢 | BI2: 10 | BJ2: 2 | BK2: 左 | BL2: 2 | BM2: 外 | BN2: 1 | BO2: A | BP2: 1 | BQ2: =IF(A2="","",AT2) -> 2歳 | BR2: =IF(A2="","",IF(BA2<=1200,"～1200",IF(BA2<=1500,"1300～1500",IF(BA2=1600,"1600",IF(BA2<=1800,"1700～1800",IF(BA2<=2000,"1900～2000","2100以上")))))) -> 1700～1800 | BS2: =IF(A2="","",IF(AX2="G1","G1",IF(AX2="G2","G2",IF(AX2="G3","G3",IF(AX2="L","L","その他"))))) -> その他 | BT2: =IF(A2="","",IF(BI2="","未結合",IF(D2=BI2,"一致","不一致"))) -> 一致 | BU2: =IF(A2="","",IF(BE2="牝馬限定","牝馬限定","その他")) -> その他
A3: 46228 | B3: 新潟 | C3: 2 | D3: 14 | E3: 4 | F3: ピウモッソ | G3: 37 | H3: 9 | I3: スクワミッシュ | J3: 37 | K3: 1 | L3: エレクトス | M3: 31 | N3: =IF(A3="","",G3-J3) -> 0 | O3: =IF(A3="","",J3-M3) -> 6 | P3: =IF(A3="","",G3+J3) -> 74 | Q3: =IF(A3="","",IF(AND(Y3<>"参考",G3>=ルール設定!$B$2),"○","")) | R3: =IF(A3="","",IF(AND(Y3<>"参考",G3>=ルール設定!$B$3,N3>=ルール設定!$B$4),"○","")) | S3: =IF(A3="","",IF(AND(Y3<>"参考",G3>=ルール設定!$B$5,J3>=ルール設定!$B$6,O3>=ルール設定!$B$7),"○","")) | T3: 4 | U3: 4 | V3: =IF(A3="","",IF(AND(ISNUMBER(T3),ISNUMBER(U3)),IF(AND(T3<=3,U3<=3),"○","×"),"")) -> × | Y3: 事後発見 | Z3: 同率は馬番順で上位3頭欄へ | AI3: 6 | AJ3: ～59 | AK3: 0～4 | AL3: 0～9 | AM3: ～99 | AN3: 12～14 | AO3: =IF(A3="","",IF(COUNTIFS(全馬データ!$A$2:$A$50000,A3,全馬データ!$B$2:$B$50000,B3,全馬データ!$C$2:$C$50000,C3,全馬データ!$D$2:$D$50000,E3,全馬データ!$K$2:$K$50000,"<>")=0,"",SUMIFS(全馬データ!$K$2:$K$50000,全馬データ!$A$2:$A$50000,A3,全馬データ!$B$2:$B$50000,B3,全馬データ!$C$2:$C$50000,C3,全馬データ!$D$2:$D$50000,E3))) | AP3: =IF(A3="","",IF(AO3="","欠損",IF(AO3<=1.1,"1.0～1.1",IF(AO3<1.3,"1.2",IF(AO3<1.5,"1.3～1.4",IF(AO3<2,"1.5～1.9","2.0以上")))))) -> 欠損 | AQ3: =IF(A3="","",IF(ISNUMBER(SEARCH("2歳",Z3)),"2歳戦",IF(ISNUMBER(SEARCH("3歳未勝利",Z3)),"3歳未勝利",IF(ISNUMBER(SEARCH("未勝利",Z3)),"その他未勝利",IF(ISNUMBER(SEARCH("G1",Z3)),"G1",IF(ISNUMBER(SEARCH("G2",Z3)),"G2",IF(ISNUMBER(SEARCH("G3",Z3)),"G3",IF(ISNUMBER(SEARCH("古馬条件",Z3)),"古馬条件戦",IF(ISNUMBER(SEARCH("重賞",Z3)),"重賞","分類不能"))))))))) -> 分類不能 | AS3: 11 | AT3: 2歳 | AU3: A1 | AV3: 新馬 | AY3: 2 | AZ3: ダート | BA3: 1200 | BB3: 20 | BC3: 稍重 | BD3: 102 | BE3: 指定なし | BF3: 0 | BG3: 3 | BH3: 馬齢 | BI3: 14 | BJ3: 2 | BK3: 左 | BL3: 1 | BM3: 通常(内) | BP3: 1 | BQ3: =IF(A3="","",AT3) -> 2歳 | BR3: =IF(A3="","",IF(BA3<=1200,"～1200",IF(BA3<=1500,"1300～1500",IF(BA3=1600,"1600",IF(BA3<=1800,"1700～1800",IF(BA3<=2000,"1900～2000","2100以上")))))) -> ～1200 | BS3: =IF(A3="","",IF(AX3="G1","G1",IF(AX3="G2","G2",IF(AX3="G3","G3",IF(AX3="L","L","その他"))))) -> その他 | BT3: =IF(A3="","",IF(BI3="","未結合",IF(D3=BI3,"一致","不一致"))) -> 一致 | BU3: =IF(A3="","",IF(BE3="牝馬限定","牝馬限定","その他")) -> その他
A4: 46228 | B4: 新潟 | C4: 3 | D4: 8 | E4: 1 | F4: トルタパスカリーナ | G4: 37 | H4: 4 | I4: セプタードアイル | J4: 31 | K4: 3 | L4: スターマイン | M4: 27 | N4: =IF(A4="","",G4-J4) -> 6 | O4: =IF(A4="","",J4-M4) -> 4 | P4: =IF(A4="","",G4+J4) -> 68 | Q4: =IF(A4="","",IF(AND(Y4<>"参考",G4>=ルール設定!$B$2),"○","")) | R4: =IF(A4="","",IF(AND(Y4<>"参考",G4>=ルール設定!$B$3,N4>=ルール設定!$B$4),"○","")) | S4: =IF(A4="","",IF(AND(Y4<>"参考",G4>=ルール設定!$B$5,J4>=ルール設定!$B$6,O4>=ルール設定!$B$7),"○","")) | T4: 2 | U4: 1 | V4: =IF(A4="","",IF(AND(ISNUMBER(T4),ISNUMBER(U4)),IF(AND(T4<=3,U4<=3),"○","×"),"")) -> ○ | W4: 110 | X4: 320 | Y4: 事後発見 | AI4: 10 | AJ4: ～59 | AK4: 5～9 | AL4: 10～19 | AM4: ～99 | AN4: 8～11 | AO4: =IF(A4="","",IF(COUNTIFS(全馬データ!$A$2:$A$50000,A4,全馬データ!$B$2:$B$50000,B4,全馬データ!$C$2:$C$50000,C4,全馬データ!$D$2:$D$50000,E4,全馬データ!$K$2:$K$50000,"<>")=0,"",SUMIFS(全馬データ!$K$2:$K$50000,全馬データ!$A$2:$A$50000,A4,全馬データ!$B$2:$B$50000,B4,全馬データ!$C$2:$C$50000,C4,全馬データ!$D$2:$D$50000,E4))) | AP4: =IF(A4="","",IF(AO4="","欠損",IF(AO4<=1.1,"1.0～1.1",IF(AO4<1.3,"1.2",IF(AO4<1.5,"1.3～1.4",IF(AO4<2,"1.5～1.9","2.0以上")))))) -> 欠損 | AQ4: =IF(A4="","",IF(ISNUMBER(SEARCH("2歳",Z4)),"2歳戦",IF(ISNUMBER(SEARCH("3歳未勝利",Z4)),"3歳未勝利",IF(ISNUMBER(SEARCH("未勝利",Z4)),"その他未勝利",IF(ISNUMBER(SEARCH("G1",Z4)),"G1",IF(ISNUMBER(SEARCH("G2",Z4)),"G2",IF(ISNUMBER(SEARCH("G3",Z4)),"G3",IF(ISNUMBER(SEARCH("古馬条件",Z4)),"古馬条件戦",IF(ISNUMBER(SEARCH("重賞",Z4)),"重賞","分類不能"))))))))) -> 分類不能 | AS4: 11 | AT4: 2歳 | AU4: A1 | AV4: 新馬 | AY4: 1 | AZ4: 芝 | BA4: 1600 | BB4: 11 | BC4: 良 | BD4: 022 | BE4: 牝馬限定 | BF4: 1 | BG4: 3 | BH4: 馬齢 | BI4: 8 | BJ4: 2 | BK4: 左 | BL4: 2 | BM4: 外 | BN4: 1 | BO4: A | BP4: 1 | BQ4: =IF(A4="","",AT4) -> 2歳 | BR4: =IF(A4="","",IF(BA4<=1200,"～1200",IF(BA4<=1500,"1300～1500",IF(BA4=1600,"1600",IF(BA4<=1800,"1700～1800",IF(BA4<=2000,"1900～2000","2100以上")))))) -> 1600 | BS4: =IF(A4="","",IF(AX4="G1","G1",IF(AX4="G2","G2",IF(AX4="G3","G3",IF(AX4="L","L","その他"))))) -> その他 | BT4: =IF(A4="","",IF(BI4="","未結合",IF(D4=BI4,"一致","不一致"))) -> 一致 | BU4: =IF(A4="","",IF(BE4="牝馬限定","牝馬限定","その他")) -> 牝馬限定
A5: 46228 | B5: 新潟 | C5: 4 | D5: 15 | E5: 14 | F5: マナイアカラニ | G5: 58 | H5: 3 | I5: プリプリプリン | J5: 44 | K5: 15 | L5: オレンジキャンパス | M5: 44 | N5: =IF(A5="","",G5-J5) -> 14 | O5: =IF(A5="","",J5-M5) -> 0 | P5: =IF(A5="","",G5+J5) -> 102 | Q5: =IF(A5="","",IF(AND(Y5<>"参考",G5>=ルール設定!$B$2),"○","")) | R5: =IF(A5="","",IF(AND(Y5<>"参考",G5>=ルール設定!$B$3,N5>=ルール設定!$B$4),"○","")) | S5: =IF(A5="","",IF(AND(Y5<>"参考",G5>=ルール設定!$B$5,J5>=ルール設定!$B$6,O5>=ルール設定!$B$7),"○","")) | T5: 4 | U5: 1 | V5: =IF(A5="","",IF(AND(ISNUMBER(T5),ISNUMBER(U5)),IF(AND(T5<=3,U5<=3),"○","×"),"")) -> × | Y5: 事後発見 | Z5: 同率は馬番順で上位3頭欄へ | AI5: 14 | AJ5: ～59 | AK5: 10～19 | AL5: 10～19 | AM5: 100～119 | AN5: 15以上 | AO5: =IF(A5="","",IF(COUNTIFS(全馬データ!$A$2:$A$50000,A5,全馬データ!$B$2:$B$50000,B5,全馬データ!$C$2:$C$50000,C5,全馬データ!$D$2:$D$50000,E5,全馬データ!$K$2:$K$50000,"<>")=0,"",SUMIFS(全馬データ!$K$2:$K$50000,全馬データ!$A$2:$A$50000,A5,全馬データ!$B$2:$B$50000,B5,全馬データ!$C$2:$C$50000,C5,全馬データ!$D$2:$D$50000,E5))) | AP5: =IF(A5="","",IF(AO5="","欠損",IF(AO5<=1.1,"1.0～1.1",IF(AO5<1.3,"1.2",IF(AO5<1.5,"1.3～1.4",IF(AO5<2,"1.5～1.9","2.0以上")))))) -> 欠損 | AQ5: =IF(A5="","",IF(ISNUMBER(SEARCH("2歳",Z5)),"2歳戦",IF(ISNUMBER(SEARCH("3歳未勝利",Z5)),"3歳未勝利",IF(ISNUMBER(SEARCH("未勝利",Z5)),"その他未勝利",IF(ISNUMBER(SEARCH("G1",Z5)),"G1",IF(ISNUMBER(SEARCH("G2",Z5)),"G2",IF(ISNUMBER(SEARCH("G3",Z5)),"G3",IF(ISNUMBER(SEARCH("古馬条件",Z5)),"古馬条件戦",IF(ISNUMBER(SEARCH("重賞",Z5)),"重賞","分類不能"))))))))) -> 分類不能 | AS5: 12 | AT5: 3歳 | AU5: A3 | AV5: 未勝利 | AY5: 2 | AZ5: ダート | BA5: 1200 | BB5: 20 | BC5: 稍重 | BD5: 002 | BE5: 指定なし | BF5: 0 | BG5: 3 | BH5: 馬齢 | BI5: 15 | BJ5: 2 | BK5: 左 | BL5: 1 | BM5: 通常(内) | BP5: 1 | BQ5: =IF(A5="","",AT5) -> 3歳 | BR5: =IF(A5="","",IF(BA5<=1200,"～1200",IF(BA5<=1500,"1300～1500",IF(BA5=1600,"1600",IF(BA5<=1800,"1700～1800",IF(BA5<=2000,"1900～2000","2100以上")))))) -> ～1200 | BS5: =IF(A5="","",IF(AX5="G1","G1",IF(AX5="G2","G2",IF(AX5="G3","G3",IF(AX5="L","L","その他"))))) -> その他 | BT5: =IF(A5="","",IF(BI5="","未結合",IF(D5=BI5,"一致","不一致"))) -> 一致 | BU5: =IF(A5="","",IF(BE5="牝馬限定","牝馬限定","その他")) -> その他
A6: 46228 | B6: 新潟 | C6: 5 | D6: 11 | E6: 5 | F6: フィールドノート | G6: 58 | H6: 7 | I6: オルグジェシダ | J6: 47 | K6: 1 | L6: スワローシチ | M6: 39 | N6: =IF(A6="","",G6-J6) -> 11 | O6: =IF(A6="","",J6-M6) -> 8 | P6: =IF(A6="","",G6+J6) -> 105 | Q6: =IF(A6="","",IF(AND(Y6<>"参考",G6>=ルール設定!$B$2),"○","")) | R6: =IF(A6="","",IF(AND(Y6<>"参考",G6>=ルール設定!$B$3,N6>=ルール設定!$B$4),"○","")) | S6: =IF(A6="","",IF(AND(Y6<>"参考",G6>=ルール設定!$B$5,J6>=ルール設定!$B$6,O6>=ルール設定!$B$7),"○","")) | T6: 1 | U6: 2 | V6: =IF(A6="","",IF(AND(ISNUMBER(T6),ISNUMBER(U6)),IF(AND(T6<=3,U6<=3),"○","×"),"")) -> ○ | W6: 130 | X6: 240 | Y6: 事後発見 | Z6: 同率は馬番順で上位3頭欄へ | AI6: 19 | AJ6: ～59 | AK6: 10～19 | AL6: 10～19 | AM6: 100～119 | AN6: 8～11 | AO6: =IF(A6="","",IF(COUNTIFS(全馬データ!$A$2:$A$50000,A6,全馬データ!$B$2:$B$50000,B6,全馬データ!$C$2:$C$50000,C6,全馬データ!$D$2:$D$50000,E6,全馬データ!$K$2:$K$50000,"<>")=0,"",SUMIFS(全馬データ!$K$2:$K$50000,全馬データ!$A$2:$A$50000,A6,全馬データ!$B$2:$B$50000,B6,全馬データ!$C$2:$C$50000,C6,全馬データ!$D$2:$D$50000,E6))) | AP6: =IF(A6="","",IF(AO6="","欠損",IF(AO6<=1.1,"1.0～1.1",IF(AO6<1.3,"1.2",IF(AO6<1.5,"1.3～1.4",IF(AO6<2,"1.5～1.9","2.0以上")))))) -> 欠損 | AQ6: =IF(A6="","",IF(ISNUMBER(SEARCH("2歳",Z6)),"2歳戦",IF(ISNUMBER(SEARCH("3歳未勝利",Z6)),"3歳未勝利",IF(ISNUMBER(SEARCH("未勝利",Z6)),"その他未勝利",IF(ISNUMBER(SEARCH("G1",Z6)),"G1",IF(ISNUMBER(SEARCH("G2",Z6)),"G2",IF(ISNUMBER(SEARCH("G3",Z6)),"G3",IF(ISNUMBER(SEARCH("古馬条件",Z6)),"古馬条件戦",IF(ISNUMBER(SEARCH("重賞",Z6)),"重賞","分類不能"))))))))) -> 分類不能 | AS6: 13 | AT6: 3歳以上 | AU6: 05 | AV6: 1勝クラス | AY6: 1 | AZ6: 芝 | BA6: 1800 | BB6: 11 | BC6: 良 | BD6: 103 | BE6: 指定なし | BF6: 0 | BG6: 4 | BH6: 定量 | BI6: 11 | BJ6: 2 | BK6: 左 | BL6: 2 | BM6: 外 | BN6: 1 | BO6: A | BP6: 1 | BQ6: =IF(A6="","",AT6) -> 3歳以上 | BR6: =IF(A6="","",IF(BA6<=1200,"～1200",IF(BA6<=1500,"1300～1500",IF(BA6=1600,"1600",IF(BA6<=1800,"1700～1800",IF(BA6<=2000,"1900～2000","2100以上")))))) -> 1700～1800 | BS6: =IF(A6="","",IF(AX6="G1","G1",IF(AX6="G2","G2",IF(AX6="G3","G3",IF(AX6="L","L","その他"))))) -> その他 | BT6: =IF(A6="","",IF(BI6="","未結合",IF(D6=BI6,"一致","不一致"))) -> 一致 | BU6: =IF(A6="","",IF(BE6="牝馬限定","牝馬限定","その他")) -> その他
A7: 46228 | B7: 新潟 | C7: 6 | D7: 15 | E7: 14 | F7: シャンソンドール | G7: 62 | H7: 9 | I7: ジーネキング | J7: 50 | K7: 3 | L7: ラビットアイ | M7: 44 | N7: =IF(A7="","",G7-J7) -> 12 | O7: =IF(A7="","",J7-M7) -> 6 | P7: =IF(A7="","",G7+J7) -> 112 | Q7: =IF(A7="","",IF(AND(Y7<>"参考",G7>=ルール設定!$B$2),"○","")) | R7: =IF(A7="","",IF(AND(Y7<>"参考",G7>=ルール設定!$B$3,N7>=ルール設定!$B$4),"○","")) | S7: =IF(A7="","",IF(AND(Y7<>"参考",G7>=ルール設定!$B$5,J7>=ルール設定!$B$6,O7>=ルール設定!$B$7),"○","")) | T7: 3 | U7: 2 | V7: =IF(A7="","",IF(AND(ISNUMBER(T7),ISNUMBER(U7)),IF(AND(T7<=3,U7<=3),"○","×"),"")) -> ○ | W7: 130 | X7: 330 | Y7: 事後発見 | AI7: 18 | AJ7: 60～69 | AK7: 10～19 | AL7: 10～19 | AM7: 100～119 | AN7: 15以上 | AO7: =IF(A7="","",IF(COUNTIFS(全馬データ!$A$2:$A$50000,A7,全馬データ!$B$2:$B$50000,B7,全馬データ!$C$2:$C$50000,C7,全馬データ!$D$2:$D$50000,E7,全馬データ!$K$2:$K$50000,"<>")=0,"",SUMIFS(全馬データ!$K$2:$K$50000,全馬データ!$A$2:$A$50000,A7,全馬データ!$B$2:$B$50000,B7,全馬データ!$C$2:$C$50000,C7,全馬データ!$D$2:$D$50000,E7))) | AP7: =IF(A7="","",IF(AO7="","欠損",IF(AO7<=1.1,"1.0～1.1",IF(AO7<1.3,"1.2",IF(AO7<1.5,"1.3～1.4",IF(AO7<2,"1.5～1.9","2.0以上")))))) -> 欠損 | AQ7: =IF(A7="","",IF(ISNUMBER(SEARCH("2歳",Z7)),"2歳戦",IF(ISNUMBER(SEARCH("3歳未勝利",Z7)),"3歳未勝利",IF(ISNUMBER(SEARCH("未勝利",Z7)),"その他未勝利",IF(ISNUMBER(SEARCH("G1",Z7)),"G1",IF(ISNUMBER(SEARCH("G2",Z7)),"G2",IF(ISNUMBER(SEARCH("G3",Z7)),"G3",IF(ISNUMBER(SEARCH("古馬条件",Z7)),"古馬条件戦",IF(ISNUMBER(SEARCH("重賞",Z7)),"重賞","分類不能"))))))))) -> 分類不能 | AR7: 豊栄特別 | AS7: 13 | AT7: 3歳以上 | AU7: 10 | AV7: 2勝クラス | AW7: 5 | AX7: 特別 | AY7: 1 | AZ7: 芝 | BA7: 1600 | BB7: 11 | BC7: 良 | BD7: 103 | BE7: 指定なし | BF7: 0 | BG7: 4 | BH7: 定量 | BI7: 15 | BJ7: 2 | BK7: 左 | BL7: 2 | BM7: 外 | BN7: 1 | BO7: A | BP7: 1 | BQ7: =IF(A7="","",AT7) -> 3歳以上 | BR7: =IF(A7="","",IF(BA7<=1200,"～1200",IF(BA7<=1500,"1300～1500",IF(BA7=1600,"1600",IF(BA7<=1800,"1700～1800",IF(BA7<=2000,"1900～2000","2100以上")))))) -> 1600 | BS7: =IF(A7="","",IF(AX7="G1","G1",IF(AX7="G2","G2",IF(AX7="G3","G3",IF(AX7="L","L","その他"))))) -> その他 | BT7: =IF(A7="","",IF(BI7="","未結合",IF(D7=BI7,"一致","不一致"))) -> 一致 | BU7: =IF(A7="","",IF(BE7="牝馬限定","牝馬限定","その他")) -> その他
A8: 46228 | B8: 新潟 | C8: 7 | D8: 18 | E8: 2 | F8: コートアリシアン | G8: 67 | H8: 17 | I8: モジャーリオミ | J8: 31 | K8: 8 | L8: ポボンヌソワレ | M8: 29 | N8: =IF(A8="","",G8-J8) -> 36 | O8: =IF(A8="","",J8-M8) -> 2 | P8: =IF(A8="","",G8+J8) -> 98 | Q8: =IF(A8="","",IF(AND(Y8<>"参考",G8>=ルール設定!$B$2),"○","")) | R8: =IF(A8="","",IF(AND(Y8<>"参考",G8>=ルール設定!$B$3,N8>=ルール設定!$B$4),"○","")) | S8: =IF(A8="","",IF(AND(Y8<>"参考",G8>=ルール設定!$B$5,J8>=ルール設定!$B$6,O8>=ルール設定!$B$7),"○","")) | T8: 4 | U8: 4 | V8: =IF(A8="","",IF(AND(ISNUMBER(T8),ISNUMBER(U8)),IF(AND(T8<=3,U8<=3),"○","×"),"")) -> × | Y8: 事後発見 | AI8: 38 | AJ8: 60～69 | AK8: 30以上 | AL8: 30～39 | AM8: ～99 | AN8: 15以上 | AO8: =IF(A8="","",IF(COUNTIFS(全馬データ!$A$2:$A$50000,A8,全馬データ!$B$2:$B$50000,B8,全馬データ!$C$2:$C$50000,C8,全馬データ!$D$2:$D$50000,E8,全馬データ!$K$2:$K$50000,"<>")=0,"",SUMIFS(全馬データ!$K$2:$K$50000,全馬データ!$A$2:$A$50000,A8,全馬データ!$B$2:$B$50000,B8,全馬データ!$C$2:$C$50000,C8,全馬データ!$D$2:$D$50000,E8))) | AP8: =IF(A8="","",IF(AO8="","欠損",IF(AO8<=1.1,"1.0～1.1",IF(AO8<1.3,"1.2",IF(AO8<1.5,"1.3～1.4",IF(AO8<2,"1.5～1.9","2.0以上")))))) -> 欠損 | AQ8: =IF(A8="","",IF(ISNUMBER(SEARCH("2歳",Z8)),"2歳戦",IF(ISNUMBER(SEARCH("3歳未勝利",Z8)),"3歳未勝利",IF(ISNUMBER(SEARCH("未勝利",Z8)),"その他未勝利",IF(ISNUMBER(SEARCH("G1",Z8)),"G1",IF(ISNUMBER(SEARCH("G2",Z8)),"G2",IF(ISNUMBER(SEARCH("G3",Z8)),"G3",IF(ISNUMBER(SEARCH("古馬条件",Z8)),"古馬条件戦",IF(ISNUMBER(SEARCH("重賞",Z8)),"重賞","分類不能"))))))))) -> 分類不能 | AR8: 新潟日報賞 | AS8: 13 | AT8: 3歳以上 | AU8: 16 | AV8: 3勝クラス | AW8: 5 | AX8: 特別 | AY8: 1 | AZ8: 芝 | BA8: 1400 | BB8: 11 | BC8: 良 | BD8: 103 | BE8: 指定なし | BF8: 0 | BG8: 4 | BH8: 定量 | BI8: 18 | BJ8: 2 | BK8: 左 | BL8: 1 | BM8: 通常(内) | BN8: 1 | BO8: A | BP8: 1 | BQ8: =IF(A8="","",AT8) -> 3歳以上 | BR8: =IF(A8="","",IF(BA8<=1200,"～1200",IF(BA8<=1500,"1300～1500",IF(BA8=1600,"1600",IF(BA8<=1800,"1700～1800",IF(BA8<=2000,"1900～2000","2100以上")))))) -> 1300～1500 | BS8: =IF(A8="","",IF(AX8="G1","G1",IF(AX8="G2","G2",IF(AX8="G3","G3",IF(AX8="L","L","その他"))))) -> その他 | BT8: =IF(A8="","",IF(BI8="","未結合",IF(D8=BI8,"一致","不一致"))) -> 一致 | BU8: =IF(A8="","",IF(BE8="牝馬限定","牝馬限定","その他")) -> その他
A9: 46228 | B9: 新潟 | C9: 8 | D9: 13 | E9: 10 | F9: パイオニアスクエア | G9: 62 | H9: 11 | I9: インナーバパッション | J9: 60 | K9: 5 | L9: イリュストル | M9: 37 | N9: =IF(A9="","",G9-J9) -> 2 | O9: =IF(A9="","",J9-M9) -> 23 | P9: =IF(A9="","",G9+J9) -> 122 | Q9: =IF(A9="","",IF(AND(Y9<>"参考",G9>=ルール設定!$B$2),"○","")) | R9: =IF(A9="","",IF(AND(Y9<>"参考",G9>=ルール設定!$B$3,N9>=ルール設定!$B$4),"○","")) | S9: =IF(A9="","",IF(AND(Y9<>"参考",G9>=ルール設定!$B$5,J9>=ルール設定!$B$6,O9>=ルール設定!$B$7),"○","")) -> ○ | T9: 2 | U9: 4 | V9: =IF(A9="","",IF(AND(ISNUMBER(T9),ISNUMBER(U9)),IF(AND(T9<=3,U9<=3),"○","×"),"")) -> × | W9: 200 | Y9: 事後発見 | AI9: 25 | AJ9: 60～69 | AK9: 0～4 | AL9: 20～29 | AM9: 120～139 | AN9: 12～14 | AO9: =IF(A9="","",IF(COUNTIFS(全馬データ!$A$2:$A$50000,A9,全馬データ!$B$2:$B$50000,B9,全馬データ!$C$2:$C$50000,C9,全馬データ!$D$2:$D$50000,E9,全馬データ!$K$2:$K$50000,"<>")=0,"",SUMIFS(全馬データ!$K$2:$K$50000,全馬データ!$A$2:$A$50000,A9,全馬データ!$B$2:$B$50000,B9,全馬データ!$C$2:$C$50000,C9,全馬データ!$D$2:$D$50000,E9))) | AP9: =IF(A9="","",IF(AO9="","欠損",IF(AO9<=1.1,"1.0～1.1",IF(AO9<1.3,"1.2",IF(AO9<1.5,"1.3～1.4",IF(AO9<2,"1.5～1.9","2.0以上")))))) -> 欠損 | AQ9: =IF(A9="","",IF(ISNUMBER(SEARCH("2歳",Z9)),"2歳戦",IF(ISNUMBER(SEARCH("3歳未勝利",Z9)),"3歳未勝利",IF(ISNUMBER(SEARCH("未勝利",Z9)),"その他未勝利",IF(ISNUMBER(SEARCH("G1",Z9)),"G1",IF(ISNUMBER(SEARCH("G2",Z9)),"G2",IF(ISNUMBER(SEARCH("G3",Z9)),"G3",IF(ISNUMBER(SEARCH("古馬条件",Z9)),"古馬条件戦",IF(ISNUMBER(SEARCH("重賞",Z9)),"重賞","分類不能"))))))))) -> 分類不能 | AR9: 清津峡特別 | AS9: 13 | AT9: 3歳以上 | AU9: 05 | AV9: 1勝クラス | AW9: 5 | AX9: 特別 | AY9: 2 | AZ9: ダート | BA9: 1800 | BB9: 20 | BC9: 稍重 | BD9: 102 | BE9: 指定なし | BF9: 0 | BG9: 4 | BH9: 定量 | BI9: 13 | BJ9: 2 | BK9: 左 | BL9: 1 | BM9: 通常(内) | BP9: 1 | BQ9: =IF(A9="","",AT9) -> 3歳以上 | BR9: =IF(A9="","",IF(BA9<=1200,"～1200",IF(BA9<=1500,"1300～1500",IF(BA9=1600,"1600",IF(BA9<=1800,"1700～1800",IF(BA9<=2000,"1900～2000","2100以上")))))) -> 1700～1800 | BS9: =IF(A9="","",IF(AX9="G1","G1",IF(AX9="G2","G2",IF(AX9="G3","G3",IF(AX9="L","L","その他"))))) -> その他 | BT9: =IF(A9="","",IF(BI9="","未結合",IF(D9=BI9,"一致","不一致"))) -> 一致 | BU9: =IF(A9="","",IF(BE9="牝馬限定","牝馬限定","その他")) -> その他
A10: 46228 | B10: 新潟 | C10: 9 | D10: 10 | E10: 3 | F10: スコラーリmm | G10: 55 | H10: 8 | I10: モンツァフレイバー | J10: 44 | K10: 1 | L10: ウォータダターリーダー | M10: 37 | N10: =IF(A10="","",G10-J10) -> 11 | O10: =IF(A10="","",J10-M10) -> 7 | P10: =IF(A10="","",G10+J10) -> 99 | Q10: =IF(A10="","",IF(AND(Y10<>"参考",G10>=ルール設定!$B$2),"○","")) | R10: =IF(A10="","",IF(AND(Y10<>"参考",G10>=ルール設定!$B$3,N10>=ルール設定!$B$4),"○","")) | S10: =IF(A10="","",IF(AND(Y10<>"参考",G10>=ルール設定!$B$5,J10>=ルール設定!$B$6,O10>=ルール設定!$B$7),"○","")) | T10: 4 | U10: 1 | V10: =IF(A10="","",IF(AND(ISNUMBER(T10),ISNUMBER(U10)),IF(AND(T10<=3,U10<=3),"○","×"),"")) -> × | Y10: 事後発見 | Z10: 同率は馬番順で上位3頭欄へ | AI10: 18 | AJ10: ～59 | AK10: 10～19 | AL10: 10～19 | AM10: ～99 | AN10: 8～11 | AO10: =IF(A10="","",IF(COUNTIFS(全馬データ!$A$2:$A$50000,A10,全馬データ!$B$2:$B$50000,B10,全馬データ!$C$2:$C$50000,C10,全馬データ!$D$2:$D$50000,E10,全馬データ!$K$2:$K$50000,"<>")=0,"",SUMIFS(全馬データ!$K$2:$K$50000,全馬データ!$A$2:$A$50000,A10,全馬データ!$B$2:$B$50000,B10,全馬データ!$C$2:$C$50000,C10,全馬データ!$D$2:$D$50000,E10))) | AP10: =IF(A10="","",IF(AO10="","欠損",IF(AO10<=1.1,"1.0～1.1",IF(AO10<1.3,"1.2",IF(AO10<1.5,"1.3～1.4",IF(AO10<2,"1.5～1.9","2.0以上")))))) -> 欠損 | AQ10: =IF(A10="","",IF(ISNUMBER(SEARCH("2歳",Z10)),"2歳戦",IF(ISNUMBER(SEARCH("3歳未勝利",Z10)),"3歳未勝利",IF(ISNUMBER(SEARCH("未勝利",Z10)),"その他未勝利",IF(ISNUMBER(SEARCH("G1",Z10)),"G1",IF(ISNUMBER(SEARCH("G2",Z10)),"G2",IF(ISNUMBER(SEARCH("G3",Z10)),"G3",IF(ISNUMBER(SEARCH("古馬条件",Z10)),"古馬条件戦",IF(ISNUMBER(SEARCH("重賞",Z10)),"重賞","分類不能"))))))))) -> 分類不能 | AS10: 20 | AT10: 障害 | AU10: OP | AV10: オープン | AY10: 3 | AZ10: 障害 | BA10: 2850 | BB10: 10 | BC10: 良 | BD10: 100 | BE10: 指定なし | BF10: 0 | BG10: 2 | BH10: 別定 | BI10: 10 | BJ10: 9 | BK10: 他 | BL10: 9 | BM10: 他 | BP10: 1 | BQ10: =IF(A10="","",AT10) -> 障害 | BR10: =IF(A10="","",IF(BA10<=1200,"～1200",IF(BA10<=1500,"1300～1500",IF(BA10=1600,"1600",IF(BA10<=1800,"1700～1800",IF(BA10<=2000,"1900～2000","2100以上")))))) -> 2100以上 | BS10: =IF(A10="","",IF(AX10="G1","G1",IF(AX10="G2","G2",IF(AX10="G3","G3",IF(AX10="L","L","その他"))))) -> その他 | BT10: =IF(A10="","",IF(BI10="","未結合",IF(D10=BI10,"一致","不一致"))) -> 一致 | BU10: =IF(A10="","",IF(BE10="牝馬限定","牝馬限定","その他")) -> その他
A11: 46228 | B11: 新潟 | C11: 10 | D11: 15 | E11: 1 | F11: シェリーシュシュ | G11: 62 | H11: 12 | I11: カーボフリオ | J11: 52 | K11: 9 | L11: ゴールドビリーヴ | M11: 47 | N11: =IF(A11="","",G11-J11) -> 10 | O11: =IF(A11="","",J11-M11) -> 5 | P11: =IF(A11="","",G11+J11) -> 114 | Q11: =IF(A11="","",IF(AND(Y11<>"参考",G11>=ルール設定!$B$2),"○","")) | R11: =IF(A11="","",IF(AND(Y11<>"参考",G11>=ルール設定!$B$3,N11>=ルール設定!$B$4),"○","")) | S11: =IF(A11="","",IF(AND(Y11<>"参考",G11>=ルール設定!$B$5,J11>=ルール設定!$B$6,O11>=ルール設定!$B$7),"○","")) | T11: 4 | U11: 3 | V11: =IF(A11="","",IF(AND(ISNUMBER(T11),ISNUMBER(U11)),IF(AND(T11<=3,U11<=3),"○","×"),"")) -> × | Y11: 事後発見 | AI11: 15 | AJ11: 60～69 | AK11: 10～19 | AL11: 10～19 | AM11: 100～119 | AN11: 15以上 | AO11: =IF(A11="","",IF(COUNTIFS(全馬データ!$A$2:$A$50000,A11,全馬データ!$B$2:$B$50000,B11,全馬データ!$C$2:$C$50000,C11,全馬データ!$D$2:$D$50000,E11,全馬データ!$K$2:$K$50000,"<>")=0,"",SUMIFS(全馬データ!$K$2:$K$50000,全馬データ!$A$2:$A$50000,A11,全馬データ!$B$2:$B$50000,B11,全馬データ!$C$2:$C$50000,C11,全馬データ!$D$2:$D$50000,E11))) | AP11: =IF(A11="","",IF(AO11="","欠損",IF(AO11<=1.1,"1.0～1.1",IF(AO11<1.3,"1.2",IF(AO11<1.5,"1.3～1.4",IF(AO11<2,"1.5～1.9","2.0以上")))))) -> 欠損 | AQ11: =IF(A11="","",IF(ISNUMBER(SEARCH("2歳",Z11)),"2歳戦",IF(ISNUMBER(SEARCH("3歳未勝利",Z11)),"3歳未勝利",IF(ISNUMBER(SEARCH("未勝利",Z11)),"その他未勝利",IF(ISNUMBER(SEARCH("G1",Z11)),"G1",IF(ISNUMBER(SEARCH("G2",Z11)),"G2",IF(ISNUMBER(SEARCH("G3",Z11)),"G3",IF(ISNUMBER(SEARCH("古馬条件",Z11)),"古馬条件戦",IF(ISNUMBER(SEARCH("重賞",Z11)),"重賞","分類不能"))))))))) -> 分類不能 | AS11: 12 | AT11: 3歳 | AU11: A3 | AV11: 未勝利 | AY11: 2 | AZ11: ダート | BA11: 1800 | BB11: 20 | BC11: 稍重 | BD11: 022 | BE11: 牝馬限定 | BF11: 1 | BG11: 3 | BH11: 馬齢 | BI11: 15 | BJ11: 2 | BK11: 左 | BL11: 1 | BM11: 通常(内) | BP11: 1 | BQ11: =IF(A11="","",AT11) -> 3歳 | BR11: =IF(A11="","",IF(BA11<=1200,"～1200",IF(BA11<=1500,"1300～1500",IF(BA11=1600,"1600",IF(BA11<=1800,"1700～1800",IF(BA11<=2000,"1900～2000","2100以上")))))) -> 1700～1800 | BS11: =IF(A11="","",IF(AX11="G1","G1",IF(AX11="G2","G2",IF(AX11="G3","G3",IF(AX11="L","L","その他"))))) -> その他 | BT11: =IF(A11="","",IF(BI11="","未結合",IF(D11=BI11,"一致","不一致"))) -> 一致 | BU11: =IF(A11="","",IF(BE11="牝馬限定","牝馬限定","その他")) -> 牝馬限定
A12: 46228 | B12: 新潟 | C12: 11 | D12: 18 | E12: 16 | F12: シルバーアックス | G12: 67 | H12: 18 | I12: ジョイアミーアミ | J12: 56 | K12: 4 | L12: リオクリスハーレー | M12: 31 | N12: =IF(A12="","",G12-J12) -> 11 | O12: =IF(A12="","",J12-M12) -> 25 | P12: =IF(A12="","",G12+J12) -> 123 | Q12: =IF(A12="","",IF(AND(Y12<>"参考",G12>=ルール設定!$B$2),"○","")) | R12: =IF(A12="","",IF(AND(Y12<>"参考",G12>=ルール設定!$B$3,N12>=ルール設定!$B$4),"○","")) | S12: =IF(A12="","",IF(AND(Y12<>"参考",G12>=ルール設定!$B$5,J12>=ルール設定!$B$6,O12>=ルール設定!$B$7),"○","")) -> ○ | T12: 4 | U12: 4 | V12: =IF(A12="","",IF(AND(ISNUMBER(T12),ISNUMBER(U12)),IF(AND(T12<=3,U12<=3),"○","×"),"")) -> × | Y12: 事後発見 | AI12: 36 | AJ12: 60～69 | AK12: 10～19 | AL12: 30～39 | AM12: 120～139 | AN12: 15以上 | AO12: =IF(A12="","",IF(COUNTIFS(全馬データ!$A$2:$A$50000,A12,全馬データ!$B$2:$B$50000,B12,全馬データ!$C$2:$C$50000,C12,全馬データ!$D$2:$D$50000,E12,全馬データ!$K$2:$K$50000,"<>")=0,"",SUMIFS(全馬データ!$K$2:$K$50000,全馬データ!$A$2:$A$50000,A12,全馬データ!$B$2:$B$50000,B12,全馬データ!$C$2:$C$50000,C12,全馬データ!$D$2:$D$50000,E12))) | AP12: =IF(A12="","",IF(AO12="","欠損",IF(AO12<=1.1,"1.0～1.1",IF(AO12<1.3,"1.2",IF(AO12<1.5,"1.3～1.4",IF(AO12<2,"1.5～1.9","2.0以上")))))) -> 欠損 | AQ12: =IF(A12="","",IF(ISNUMBER(SEARCH("2歳",Z12)),"2歳戦",IF(ISNUMBER(SEARCH("3歳未勝利",Z12)),"3歳未勝利",IF(ISNUMBER(SEARCH("未勝利",Z12)),"その他未勝利",IF(ISNUMBER(SEARCH("G1",Z12)),"G1",IF(ISNUMBER(SEARCH("G2",Z12)),"G2",IF(ISNUMBER(SEARCH("G3",Z12)),"G3",IF(ISNUMBER(SEARCH("古馬条件",Z12)),"古馬条件戦",IF(ISNUMBER(SEARCH("重賞",Z12)),"重賞","分類不能"))))))))) -> 分類不能 | AS12: 12 | AT12: 3歳 | AU12: A3 | AV12: 未勝利 | AY12: 1 | AZ12: 芝 | BA12: 1000 | BB12: 11 | BC12: 良 | BD12: 002 | BE12: 指定なし | BF12: 0 | BG12: 3 | BH12: 馬齢 | BI12: 18 | BJ12: 3 | BK12: 直 | BL12: 9 | BM12: 他 | BN12: 1 | BO12: A | BP12: 1 | BQ12: =IF(A12="","",AT12) -> 3歳 | BR12: =IF(A12="","",IF(BA12<=1200,"～1200",IF(BA12<=1500,"1300～1500",IF(BA12=1600,"1600",IF(BA12<=1800,"1700～1800",IF(BA12<=2000,"1900～2000","2100以上")))))) -> ～1200 | BS12: =IF(A12="","",IF(AX12="G1","G1",IF(AX12="G2","G2",IF(AX12="G3","G3",IF(AX12="L","L","その他"))))) -> その他 | BT12: =IF(A12="","",IF(BI12="","未結合",IF(D12=BI12,"一致","不一致"))) -> 一致 | BU12: =IF(A12="","",IF(BE12="牝馬限定","牝馬限定","その他")) -> その他
A13: 46228 | B13: 新潟 | C13: 12 | D13: 17 | E13: 15 | F13: タイセイフレッサ | G13: 67 | H13: 4 | I13: ルージュダリア | J13: 39 | K13: 11 | L13: ガラク | M13: 37 | N13: =IF(A13="","",G13-J13) -> 28 | O13: =IF(A13="","",J13-M13) -> 2 | P13: =IF(A13="","",G13+J13) -> 106 | Q13: =IF(A13="","",IF(AND(Y13<>"参考",G13>=ルール設定!$B$2),"○","")) | R13: =IF(A13="","",IF(AND(Y13<>"参考",G13>=ルール設定!$B$3,N13>=ルール設定!$B$4),"○","")) | S13: =IF(A13="","",IF(AND(Y13<>"参考",G13>=ルール設定!$B$5,J13>=ルール設定!$B$6,O13>=ルール設定!$B$7),"○","")) | T13: 4 | U13: 4 | V13: =IF(A13="","",IF(AND(ISNUMBER(T13),ISNUMBER(U13)),IF(AND(T13<=3,U13<=3),"○","×"),"")) -> × | Y13: 事後発見 | AI13: 30 | AJ13: 60～69 | AK13: 20～29 | AL13: 30～39 | AM13: 100～119 | AN13: 15以上 | AO13: =IF(A13="","",IF(COUNTIFS(全馬データ!$A$2:$A$50000,A13,全馬データ!$B$2:$B$50000,B13,全馬データ!$C$2:$C$50000,C13,全馬データ!$D$2:$D$50000,E13,全馬データ!$K$2:$K$50000,"<>")=0,"",SUMIFS(全馬データ!$K$2:$K$50000,全馬データ!$A$2:$A$50000,A13,全馬データ!$B$2:$B$50000,B13,全馬データ!$C$2:$C$50000,C13,全馬データ!$D$2:$D$50000,E13))) | AP13: =IF(A13="","",IF(AO13="","欠損",IF(AO13<=1.1,"1.0～1.1",IF(AO13<1.3,"1.2",IF(AO13<1.5,"1.3～1.4",IF(AO13<2,"1.5～1.9","2.0以上")))))) -> 欠損 | AQ13: =IF(A13="","",IF(ISNUMBER(SEARCH("2歳",Z13)),"2歳戦",IF(ISNUMBER(SEARCH("3歳未勝利",Z13)),"3歳未勝利",IF(ISNUMBER(SEARCH("未勝利",Z13)),"その他未勝利",IF(ISNUMBER(SEARCH("G1",Z13)),"G1",IF(ISNUMBER(SEARCH("G2",Z13)),"G2",IF(ISNUMBER(SEARCH("G3",Z13)),"G3",IF(ISNUMBER(SEARCH("古馬条件",Z13)),"古馬条件戦",IF(ISNUMBER(SEARCH("重賞",Z13)),"重賞","分類不能"))))))))) -> 分類不能 | AS13: 13 | AT13: 3歳以上 | AU13: 05 | AV13: 1勝クラス | AY13: 1 | AZ13: 芝 | BA13: 1400 | BB13: 11 | BC13: 良 | BD13: 022 | BE13: 牝馬限定 | BF13: 1 | BG13: 4 | BH13: 定量 | BI13: 17 | BJ13: 2 | BK13: 左 | BL13: 1 | BM13: 通常(内) | BN13: 1 | BO13: A | BP13: 1 | BQ13: =IF(A13="","",AT13) -> 3歳以上 | BR13: =IF(A13="","",IF(BA13<=1200,"～1200",IF(BA13<=1500,"1300～1500",IF(BA13=1600,"1600",IF(BA13<=1800,"1700～1800",IF(BA13<=2000,"1900～2000","2100以上")))))) -> 1300～1500 | BS13: =IF(A13="","",IF(AX13="G1","G1",IF(AX13="G2","G2",IF(AX13="G3","G3",IF(AX13="L","L","その他"))))) -> その他 | BT13: =IF(A13="","",IF(BI13="","未結合",IF(D13=BI13,"一致","不一致"))) -> 一致 | BU13: =IF(A13="","",IF(BE13="牝馬限定","牝馬限定","その他")) -> 牝馬限定
A14: 46228 | B14: 中京 | C14: 1 | D14: 9 | E14: 5 | F14: エルダークローネ | G14: 81 | H14: 1 | I14: レッドネビュラ | J14: 37 | K14: 6 | L14: エコロメジャー | M14: 34 | N14: =IF(A14="","",G14-J14) -> 44 | O14: =IF(A14="","",J14-M14) -> 3 | P14: =IF(A14="","",G14+J14) -> 118 | Q14: =IF(A14="","",IF(AND(Y14<>"参考",G14>=ルール設定!$B$2),"○","")) -> ○ | R14: =IF(A14="","",IF(AND(Y14<>"参考",G14>=ルール設定!$B$3,N14>=ルール設定!$B$4),"○","")) -> ○ | S14: =IF(A14="","",IF(AND(Y14<>"参考",G14>=ルール設定!$B$5,J14>=ルール設定!$B$6,O14>=ルール設定!$B$7),"○","")) | T14: 4 | U14: 1 | V14: =IF(A14="","",IF(AND(ISNUMBER(T14),ISNUMBER(U14)),IF(AND(T14<=3,U14<=3),"○","×"),"")) -> × | Y14: 事後発見 | AB14: ○ | AD14: ○ | AG14: ○ | AI14: 47 | AJ14: 80～84 | AK14: 30以上 | AL14: 40以上 | AM14: 100～119 | AN14: 8～11 | AO14: =IF(A14="","",IF(COUNTIFS(全馬データ!$A$2:$A$50000,A14,全馬データ!$B$2:$B$50000,B14,全馬データ!$C$2:$C$50000,C14,全馬データ!$D$2:$D$50000,E14,全馬データ!$K$2:$K$50000,"<>")=0,"",SUMIFS(全馬データ!$K$2:$K$50000,全馬データ!$A$2:$A$50000,A14,全馬データ!$B$2:$B$50000,B14,全馬データ!$C$2:$C$50000,C14,全馬データ!$D$2:$D$50000,E14))) -> 1.1 | AP14: =IF(A14="","",IF(AO14="","欠損",IF(AO14<=1.1,"1.0～1.1",IF(AO14<1.3,"1.2",IF(AO14<1.5,"1.3～1.4",IF(AO14<2,"1.5～1.9","2.0以上")))))) -> 1.0～1.1 | AQ14: =IF(A14="","",IF(ISNUMBER(SEARCH("2歳",Z14)),"2歳戦",IF(ISNUMBER(SEARCH("3歳未勝利",Z14)),"3歳未勝利",IF(ISNUMBER(SEARCH("未勝利",Z14)),"その他未勝利",IF(ISNUMBER(SEARCH("G1",Z14)),"G1",IF(ISNUMBER(SEARCH("G2",Z14)),"G2",IF(ISNUMBER(SEARCH("G3",Z14)),"G3",IF(ISNUMBER(SEARCH("古馬条件",Z14)),"古馬条件戦",IF(ISNUMBER(SEARCH("重賞",Z14)),"重賞","分類不能"))))))))) -> 分類不能 | AS14: 11 | AT14: 2歳 | AU14: A3 | AV14: 未勝利 | AY14: 2 | AZ14: ダート | BA14: 1200 | BB14: 10 | BC14: 良 | BD14: 102 | BE14: 指定なし | BF14: 0 | BG14: 3 | BH14: 馬齢 | BI14: 9 | BJ14: 2 | BK14: 左 | BL14: 1 | BM14: 通常(内) | BP14: 2 | BQ14: =IF(A14="","",AT14) -> 2歳 | BR14: =IF(A14="","",IF(BA14<=1200,"～1200",IF(BA14<=1500,"1300～1500",IF(BA14=1600,"1600",IF(BA14<=1800,"1700～1800",IF(BA14<=2000,"1900～2000","2100以上")))))) -> ～1200 | BS14: =IF(A14="","",IF(AX14="G1","G1",IF(AX14="G2","G2",IF(AX14="G3","G3",IF(AX14="L","L","その他"))))) -> その他 | BT14: =IF(A14="","",IF(BI14="","未結合",IF(D14=BI14,"一致","不一致"))) -> 一致 | BU14: =IF(A14="","",IF(BE14="牝馬限定","牝馬限定","その他")) -> その他
A15: 46228 | B15: 中京 | C15: 2 | D15: 13 | E15: 11 | F15: ブレイクアウェイ | G15: 31 | H15: 5 | I15: テーオーライガ | J15: 24 | K15: 13 | L15: ベルヴェール | M15: 24 | N15: =IF(A15="","",G15-J15) -> 7 | O15: =IF(A15="","",J15-M15) -> 0 | P15: =IF(A15="","",G15+J15) -> 55 | Q15: =IF(A15="","",IF(AND(Y15<>"参考",G15>=ルール設定!$B$2),"○","")) | R15: =IF(A15="","",IF(AND(Y15<>"参考",G15>=ルール設定!$B$3,N15>=ルール設定!$B$4),"○","")) | S15: =IF(A15="","",IF(AND(Y15<>"参考",G15>=ルール設定!$B$5,J15>=ルール設定!$B$6,O15>=ルール設定!$B$7),"○","")) | T15: 1 | U15: 4 | V15: =IF(A15="","",IF(AND(ISNUMBER(T15),ISNUMBER(U15)),IF(AND(T15<=3,U15<=3),"○","×"),"")) -> × | W15: 110 | Y15: 事後発見 | Z15: 同率は馬番順で上位3頭欄へ | AI15: 7 | AJ15: ～59 | AK15: 5～9 | AL15: 0～9 | AM15: ～99 | AN15: 12～14 | AO15: =IF(A15="","",IF(COUNTIFS(全馬データ!$A$2:$A$50000,A15,全馬データ!$B$2:$B$50000,B15,全馬データ!$C$2:$C$50000,C15,全馬データ!$D$2:$D$50000,E15,全馬データ!$K$2:$K$50000,"<>")=0,"",SUMIFS(全馬データ!$K$2:$K$50000,全馬データ!$A$2:$A$50000,A15,全馬データ!$B$2:$B$50000,B15,全馬データ!$C$2:$C$50000,C15,全馬データ!$D$2:$D$50000,E15))) | AP15: =IF(A15="","",IF(AO15="","欠損",IF(AO15<=1.1,"1.0～1.1",IF(AO15<1.3,"1.2",IF(AO15<1.5,"1.3～1.4",IF(AO15<2,"1.5～1.9","2.0以上")))))) -> 欠損 | AQ15: =IF(A15="","",IF(ISNUMBER(SEARCH("2歳",Z15)),"2歳戦",IF(ISNUMBER(SEARCH("3歳未勝利",Z15)),"3歳未勝利",IF(ISNUMBER(SEARCH("未勝利",Z15)),"その他未勝利",IF(ISNUMBER(SEARCH("G1",Z15)),"G1",IF(ISNUMBER(SEARCH("G2",Z15)),"G2",IF(ISNUMBER(SEARCH("G3",Z15)),"G3",IF(ISNUMBER(SEARCH("古馬条件",Z15)),"古馬条件戦",IF(ISNUMBER(SEARCH("重賞",Z15)),"重賞","分類不能"))))))))) -> 分類不能 | AS15: 11 | AT15: 2歳 | AU15: A1 | AV15: 新馬 | AY15: 1 | AZ15: 芝 | BA15: 1400 | BB15: 11 | BC15: 良 | BD15: 002 | BE15: 指定なし | BF15: 0 | BG15: 3 | BH15: 馬齢 | BI15: 13 | BJ15: 2 | BK15: 左 | BL15: 1 | BM15: 通常(内) | BN15: 1 | BO15: A | BP15: 2 | BQ15: =IF(A15="","",AT15) -> 2歳 | BR15: =IF(A15="","",IF(BA15<=1200,"～1200",IF(BA15<=1500,"1300～1500",IF(BA15=1600,"1600",IF(BA15<=1800,"1700～1800",IF(BA15<=2000,"1900～2000","2100以上")))))) -> 1300～1500 | BS15: =IF(A15="","",IF(AX15="G1","G1",IF(AX15="G2","G2",IF(AX15="G3","G3",IF(AX15="L","L","その他"))))) -> その他 | BT15: =IF(A15="","",IF(BI15="","未結合",IF(D15=BI15,"一致","不一致"))) -> 一致 | BU15: =IF(A15="","",IF(BE15="牝馬限定","牝馬限定","その他")) -> その他
A16: 46228 | B16: 中京 | C16: 3 | D16: 12 | E16: 6 | F16: コスモフィレンツェ | G16: 67 | H16: 2 | I16: レッドブライトン | J16: 58 | K16: 10 | L16: プレスバーン | M16: 58 | N16: =IF(A16="","",G16-J16) -> 9 | O16: =IF(A16="","",J16-M16) -> 0 | P16: =IF(A16="","",G16+J16) -> 125 | Q16: =IF(A16="","",IF(AND(Y16<>"参考",G16>=ルール設定!$B$2),"○","")) | R16: =IF(A16="","",IF(AND(Y16<>"参考",G16>=ルール設定!$B$3,N16>=ルール設定!$B$4),"○","")) | S16: =IF(A16="","",IF(AND(Y16<>"参考",G16>=ルール設定!$B$5,J16>=ルール設定!$B$6,O16>=ルール設定!$B$7),"○","")) | T16: 2 | U16: 4 | V16: =IF(A16="","",IF(AND(ISNUMBER(T16),ISNUMBER(U16)),IF(AND(T16<=3,U16<=3),"○","×"),"")) -> × | W16: 130 | Y16: 事後発見 | Z16: 同率は馬番順で上位3頭欄へ | AI16: 9 | AJ16: 60～69 | AK16: 5～9 | AL16: 0～9 | AM16: 120～139 | AN16: 12～14 | AO16: =IF(A16="","",IF(COUNTIFS(全馬データ!$A$2:$A$50000,A16,全馬データ!$B$2:$B$50000,B16,全馬データ!$C$2:$C$50000,C16,全馬データ!$D$2:$D$50000,E16,全馬データ!$K$2:$K$50000,"<>")=0,"",SUMIFS(全馬データ!$K$2:$K$50000,全馬データ!$A$2:$A$50000,A16,全馬データ!$B$2:$B$50000,B16,全馬データ!$C$2:$C$50000,C16,全馬データ!$D$2:$D$50000,E16))) | AP16: =IF(A16="","",IF(AO16="","欠損",IF(AO16<=1.1,"1.0～1.1",IF(AO16<1.3,"1.2",IF(AO16<1.5,"1.3～1.4",IF(AO16<2,"1.5～1.9","2.0以上")))))) -> 欠損 | AQ16: =IF(A16="","",IF(ISNUMBER(SEARCH("2歳",Z16)),"2歳戦",IF(ISNUMBER(SEARCH("3歳未勝利",Z16)),"3歳未勝利",IF(ISNUMBER(SEARCH("未勝利",Z16)),"その他未勝利",IF(ISNUMBER(SEARCH("G1",Z16)),"G1",IF(ISNUMBER(SEARCH("G2",Z16)),"G2",IF(ISNUMBER(SEARCH("G3",Z16)),"G3",IF(ISNUMBER(SEARCH("古馬条件",Z16)),"古馬条件戦",IF(ISNUMBER(SEARCH("重賞",Z16)),"重賞","分類不能"))))))))) -> 分類不能 | AS16: 12 | AT16: 3歳 | AU16: A3 | AV16: 未勝利 | AY16: 1 | AZ16: 芝 | BA16: 2000 | BB16: 11 | BC16: 良 | BD16: 002 | BE16: 指定なし | BF16: 0 | BG16: 3 | BH16: 馬齢 | BI16: 12 | BJ16: 2 | BK16: 左 | BL16: 1 | BM16: 通常(内) | BN16: 1 | BO16: A | BP16: 2 | BQ16: =IF(A16="","",AT16) -> 3歳 | BR16: =IF(A16="","",IF(BA16<=1200,"～1200",IF(BA16<=1500,"1300～1500",IF(BA16=1600,"1600",IF(BA16<=1800,"1700～1800",IF(BA16<=2000,"1900～2000","2100以上")))))) -> 1900～2000 | BS16: =IF(A16="","",IF(AX16="G1","G1",IF(AX16="G2","G2",IF(AX16="G3","G3",IF(AX16="L","L","その他"))))) -> その他 | BT16: =IF(A16="","",IF(BI16="","未結合",IF(D16=BI16,"一致","不一致"))) -> 一致 | BU16: =IF(A16="","",IF(BE16="牝馬限定","牝馬限定","その他")) -> その他
A17: 46228 | B17: 中京 | C17: 4 | D17: 16 | E17: 14 | F17: タロ | G17: 62 | H17: 2 | I17: ベルアズーロ | J17: 58 | K17: 8 | L17: ナウオアネヴァー | M17: 37 | N17: =IF(A17="","",G17-J17) -> 4 | O17: =IF(A17="","",J17-M17) -> 21 | P17: =IF(A17="","",G17+J17) -> 120 | Q17: =IF(A17="","",IF(AND(Y17<>"参考",G17>=ルール設定!$B$2),"○","")) | R17: =IF(A17="","",IF(AND(Y17<>"参考",G17>=ルール設定!$B$3,N17>=ルール設定!$B$4),"○","")) | S17: =IF(A17="","",IF(AND(Y17<>"参考",G17>=ルール設定!$B$5,J17>=ルール設定!$B$6,O17>=ルール設定!$B$7),"○","")) -> ○ | T17: 2 | U17: 4 | V17: =IF(A17="","",IF(AND(ISNUMBER(T17),ISNUMBER(U17)),IF(AND(T17<=3,U17<=3),"○","×"),"")) -> × | W17: 200 | Y17: 事後発見 | AI17: 25 | AJ17: 60～69 | AK17: 0～4 | AL17: 20～29 | AM17: 120～139 | AN17: 15以上 | AO17: =IF(A17="","",IF(COUNTIFS(全馬データ!$A$2:$A$50000,A17,全馬データ!$B$2:$B$50000,B17,全馬データ!$C$2:$C$50000,C17,全馬データ!$D$2:$D$50000,E17,全馬データ!$K$2:$K$50000,"<>")=0,"",SUMIFS(全馬データ!$K$2:$K$50000,全馬データ!$A$2:$A$50000,A17,全馬データ!$B$2:$B$50000,B17,全馬データ!$C$2:$C$50000,C17,全馬データ!$D$2:$D$50000,E17))) | AP17: =IF(A17="","",IF(AO17="","欠損",IF(AO17<=1.1,"1.0～1.1",IF(AO17<1.3,"1.2",IF(AO17<1.5,"1.3～1.4",IF(AO17<2,"1.5～1.9","2.0以上")))))) -> 欠損 | AQ17: =IF(A17="","",IF(ISNUMBER(SEARCH("2歳",Z17)),"2歳戦",IF(ISNUMBER(SEARCH("3歳未勝利",Z17)),"3歳未勝利",IF(ISNUMBER(SEARCH("未勝利",Z17)),"その他未勝利",IF(ISNUMBER(SEARCH("G1",Z17)),"G1",IF(ISNUMBER(SEARCH("G2",Z17)),"G2",IF(ISNUMBER(SEARCH("G3",Z17)),"G3",IF(ISNUMBER(SEARCH("古馬条件",Z17)),"古馬条件戦",IF(ISNUMBER(SEARCH("重賞",Z17)),"重賞","分類不能"))))))))) -> 分類不能 | AS17: 12 | AT17: 3歳 | AU17: A3 | AV17: 未勝利 | AY17: 2 | AZ17: ダート | BA17: 1800 | BB17: 10 | BC17: 良 | BD17: 002 | BE17: 指定なし | BF17: 0 | BG17: 3 | BH17: 馬齢 | BI17: 16 | BJ17: 2 | BK17: 左 | BL17: 1 | BM17: 通常(内) | BP17: 2 | BQ17: =IF(A17="","",AT17) -> 3歳 | BR17: =IF(A17="","",IF(BA17<=1200,"～1200",IF(BA17<=1500,"1300～1500",IF(BA17=1600,"1600",IF(BA17<=1800,"1700～1800",IF(BA17<=2000,"1900～2000","2100以上")))))) -> 1700～1800 | BS17: =IF(A17="","",IF(AX17="G1","G1",IF(AX17="G2","G2",IF(AX17="G3","G3",IF(AX17="L","L","その他"))))) -> その他 | BT17: =IF(A17="","",IF(BI17="","未結合",IF(D17=BI17,"一致","不一致"))) -> 一致 | BU17: =IF(A17="","",IF(BE17="牝馬限定","牝馬限定","その他")) -> その他
A18: 46228 | B18: 中京 | C18: 5 | D18: 16 | E18: 11 | F18: セルヴァジオ1 | G18: 56 | H18: 5 | I18: セコンドトゥベスト | J18: 47 | K18: 12 | L18: ファルカータ | M18: 41 | N18: =IF(A18="","",G18-J18) -> 9 | O18: =IF(A18="","",J18-M18) -> 6 | P18: =IF(A18="","",G18+J18) -> 103 | Q18: =IF(A18="","",IF(AND(Y18<>"参考",G18>=ルール設定!$B$2),"○","")) | R18: =IF(A18="","",IF(AND(Y18<>"参考",G18>=ルール設定!$B$3,N18>=ルール設定!$B$4),"○","")) | S18: =IF(A18="","",IF(AND(Y18<>"参考",G18>=ルール設定!$B$5,J18>=ルール設定!$B$6,O18>=ルール設定!$B$7),"○","")) | T18: 4 | U18: 4 | V18: =IF(A18="","",IF(AND(ISNUMBER(T18),ISNUMBER(U18)),IF(AND(T18<=3,U18<=3),"○","×"),"")) -> × | Y18: 事後発見 | AI18: 15 | AJ18: ～59 | AK18: 5～9 | AL18: 10～19 | AM18: 100～119 | AN18: 15以上 | AO18: =IF(A18="","",IF(COUNTIFS(全馬データ!$A$2:$A$50000,A18,全馬データ!$B$2:$B$50000,B18,全馬データ!$C$2:$C$50000,C18,全馬データ!$D$2:$D$50000,E18,全馬データ!$K$2:$K$50000,"<>")=0,"",SUMIFS(全馬データ!$K$2:$K$50000,全馬データ!$A$2:$A$50000,A18,全馬データ!$B$2:$B$50000,B18,全馬データ!$C$2:$C$50000,C18,全馬データ!$D$2:$D$50000,E18))) | AP18: =IF(A18="","",IF(AO18="","欠損",IF(AO18<=1.1,"1.0～1.1",IF(AO18<1.3,"1.2",IF(AO18<1.5,"1.3～1.4",IF(AO18<2,"1.5～1.9","2.0以上")))))) -> 欠損 | AQ18: =IF(A18="","",IF(ISNUMBER(SEARCH("2歳",Z18)),"2歳戦",IF(ISNUMBER(SEARCH("3歳未勝利",Z18)),"3歳未勝利",IF(ISNUMBER(SEARCH("未勝利",Z18)),"その他未勝利",IF(ISNUMBER(SEARCH("G1",Z18)),"G1",IF(ISNUMBER(SEARCH("G2",Z18)),"G2",IF(ISNUMBER(SEARCH("G3",Z18)),"G3",IF(ISNUMBER(SEARCH("古馬条件",Z18)),"古馬条件戦",IF(ISNUMBER(SEARCH("重賞",Z18)),"重賞","分類不能"))))))))) -> 分類不能 | AS18: 12 | AT18: 3歳 | AU18: A3 | AV18: 未勝利 | AY18: 1 | AZ18: 芝 | BA18: 1600 | BB18: 11 | BC18: 良 | BD18: 022 | BE18: 牝馬限定 | BF18: 1 | BG18: 3 | BH18: 馬齢 | BI18: 16 | BJ18: 2 | BK18: 左 | BL18: 1 | BM18: 通常(内) | BN18: 1 | BO18: A | BP18: 2 | BQ18: =IF(A18="","",AT18) -> 3歳 | BR18: =IF(A18="","",IF(BA18<=1200,"～1200",IF(BA18<=1500,"1300～1500",IF(BA18=1600,"1600",IF(BA18<=1800,"1700～1800",IF(BA18<=2000,"1900～2000","2100以上")))))) -> 1600 | BS18: =IF(A18="","",IF(AX18="G1","G1",IF(AX18="G2","G2",IF(AX18="G3","G3",IF(AX18="L","L","その他"))))) -> その他 | BT18: =IF(A18="","",IF(BI18="","未結合",IF(D18=BI18,"一致","不一致"))) -> 一致 | BU18: =IF(A18="","",IF(BE18="牝馬限定","牝馬限定","その他")) -> 牝馬限定
A19: 46228 | B19: 中京 | C19: 6 | D19: 16 | E19: 9 | F19: ポートデラメール | G19: 58 | H19: 12 | I19: エブリーポッシブル | J19: 47 | K19: 6 | L19: ゼロヴィジビリティ | M19: 39 | N19: =IF(A19="","",G19-J19) -> 11 | O19: =IF(A19="","",J19-M19) -> 8 | P19: =IF(A19="","",G19+J19) -> 105 | Q19: =IF(A19="","",IF(AND(Y19<>"参考",G19>=ルール設定!$B$2),"○","")) | R19: =IF(A19="","",IF(AND(Y19<>"参考",G19>=ルール設定!$B$3,N19>=ルール設定!$B$4),"○","")) | S19: =IF(A19="","",IF(AND(Y19<>"参考",G19>=ルール設定!$B$5,J19>=ルール設定!$B$6,O19>=ルール設定!$B$7),"○","")) | T19: 4 | U19: 1 | V19: =IF(A19="","",IF(AND(ISNUMBER(T19),ISNUMBER(U19)),IF(AND(T19<=3,U19<=3),"○","×"),"")) -> × | Y19: 事後発見 | Z19: 同率は馬番順で上位3頭欄へ | AI19: 19 | AJ19: ～59 | AK19: 10～19 | AL19: 10～19 | AM19: 100～119 | AN19: 15以上 | AO19: =IF(A19="","",IF(COUNTIFS(全馬データ!$A$2:$A$50000,A19,全馬データ!$B$2:$B$50000,B19,全馬データ!$C$2:$C$50000,C19,全馬データ!$D$2:$D$50000,E19,全馬データ!$K$2:$K$50000,"<>")=0,"",SUMIFS(全馬データ!$K$2:$K$50000,全馬データ!$A$2:$A$50000,A19,全馬データ!$B$2:$B$50000,B19,全馬データ!$C$2:$C$50000,C19,全馬データ!$D$2:$D$50000,E19))) | AP19: =IF(A19="","",IF(AO19="","欠損",IF(AO19<=1.1,"1.0～1.1",IF(AO19<1.3,"1.2",IF(AO19<1.5,"1.3～1.4",IF(AO19<2,"1.5～1.9","2.0以上")))))) -> 欠損 | AQ19: =IF(A19="","",IF(ISNUMBER(SEARCH("2歳",Z19)),"2歳戦",IF(ISNUMBER(SEARCH("3歳未勝利",Z19)),"3歳未勝利",IF(ISNUMBER(SEARCH("未勝利",Z19)),"その他未勝利",IF(ISNUMBER(SEARCH("G1",Z19)),"G1",IF(ISNUMBER(SEARCH("G2",Z19)),"G2",IF(ISNUMBER(SEARCH("G3",Z19)),"G3",IF(ISNUMBER(SEARCH("古馬条件",Z19)),"古馬条件戦",IF(ISNUMBER(SEARCH("重賞",Z19)),"重賞","分類不能"))))))))) -> 分類不能 | AR19: 四日市特別 | AS19: 13 | AT19: 3歳以上 | AU19: 10 | AV19: 2勝クラス | AW19: 5 | AX19: 特別 | AY19: 2 | AZ19: ダート | BA19: 1400 | BB19: 10 | BC19: 良 | BD19: 102 | BE19: 指定なし | BF19: 0 | BG19: 4 | BH19: 定量 | BI19: 16 | BJ19: 2 | BK19: 左 | BL19: 1 | BM19: 通常(内) | BP19: 2 | BQ19: =IF(A19="","",AT19) -> 3歳以上 | BR19: =IF(A19="","",IF(BA19<=1200,"～1200",IF(BA19<=1500,"1300～1500",IF(BA19=1600,"1600",IF(BA19<=1800,"1700～1800",IF(BA19<=2000,"1900～2000","2100以上")))))) -> 1300～1500 | BS19: =IF(A19="","",IF(AX19="G1","G1",IF(AX19="G2","G2",IF(AX19="G3","G3",IF(AX19="L","L","その他"))))) -> その他 | BT19: =IF(A19="","",IF(BI19="","未結合",IF(D19=BI19,"一致","不一致"))) -> 一致 | BU19: =IF(A19="","",IF(BE19="牝馬限定","牝馬限定","その他")) -> その他
A20: 46228 | B20: 中京 | C20: 7 | D20: 11 | E20: 7 | F20: ハーツコンチェルト | G20: 60 | H20: 9 | I20: ミュージシャン | J20: 58 | K20: 1 | L20: ミッキーゴールド | M20: 44 | N20: =IF(A20="","",G20-J20) -> 2 | O20: =IF(A20="","",J20-M20) -> 14 | P20: =IF(A20="","",G20+J20) -> 118 | Q20: =IF(A20="","",IF(AND(Y20<>"参考",G20>=ルール設定!$B$2),"○","")) | R20: =IF(A20="","",IF(AND(Y20<>"参考",G20>=ルール設定!$B$3,N20>=ルール設定!$B$4),"○","")) | S20: =IF(A20="","",IF(AND(Y20<>"参考",G20>=ルール設定!$B$5,J20>=ルール設定!$B$6,O20>=ルール設定!$B$7),"○","")) | T20: 3 | U20: 4 | V20: =IF(A20="","",IF(AND(ISNUMBER(T20),ISNUMBER(U20)),IF(AND(T20<=3,U20<=3),"○","×"),"")) -> × | W20: 170 | Y20: 事後発見 | AI20: 16 | AJ20: 60～69 | AK20: 0～4 | AL20: 10～19 | AM20: 100～119 | AN20: 8～11 | AO20: =IF(A20="","",IF(COUNTIFS(全馬データ!$A$2:$A$50000,A20,全馬データ!$B$2:$B$50000,B20,全馬データ!$C$2:$C$50000,C20,全馬データ!$D$2:$D$50000,E20,全馬データ!$K$2:$K$50000,"<>")=0,"",SUMIFS(全馬データ!$K$2:$K$50000,全馬データ!$A$2:$A$50000,A20,全馬データ!$B$2:$B$50000,B20,全馬データ!$C$2:$C$50000,C20,全馬データ!$D$2:$D$50000,E20))) | AP20: =IF(A20="","",IF(AO20="","欠損",IF(AO20<=1.1,"1.0～1.1",IF(AO20<1.3,"1.2",IF(AO20<1.5,"1.3～1.4",IF(AO20<2,"1.5～1.9","2.0以上")))))) -> 欠損 | AQ20: =IF(A20="","",IF(ISNUMBER(SEARCH("2歳",Z20)),"2歳戦",IF(ISNUMBER(SEARCH("3歳未勝利",Z20)),"3歳未勝利",IF(ISNUMBER(SEARCH("未勝利",Z20)),"その他未勝利",IF(ISNUMBER(SEARCH("G1",Z20)),"G1",IF(ISNUMBER(SEARCH("G2",Z20)),"G2",IF(ISNUMBER(SEARCH("G3",Z20)),"G3",IF(ISNUMBER(SEARCH("古馬条件",Z20)),"古馬条件戦",IF(ISNUMBER(SEARCH("重賞",Z20)),"重賞","分類不能"))))))))) -> 分類不能 | AR20: 関ケ原ステークス | AS20: 13 | AT20: 3歳以上 | AU20: 16 | AV20: 3勝クラス | AW20: 5 | AX20: 特別 | AY20: 1 | AZ20: 芝 | BA20: 2200 | BB20: 11 | BC20: 良 | BD20: 103 | BE20: 指定なし | BF20: 0 | BG20: 4 | BH20: 定量 | BI20: 11 | BJ20: 2 | BK20: 左 | BL20: 1 | BM20: 通常(内) | BN20: 1 | BO20: A | BP20: 2 | BQ20: =IF(A20="","",AT20) -> 3歳以上 | BR20: =IF(A20="","",IF(BA20<=1200,"～1200",IF(BA20<=1500,"1300～1500",IF(BA20=1600,"1600",IF(BA20<=1800,"1700～1800",IF(BA20<=2000,"1900～2000","2100以上")))))) -> 2100以上 | BS20: =IF(A20="","",IF(AX20="G1","G1",IF(AX20="G2","G2",IF(AX20="G3","G3",IF(AX20="L","L","その他"))))) -> その他 | BT20: =IF(A20="","",IF(BI20="","未結合",IF(D20=BI20,"一致","不一致"))) -> 一致 | BU20: =IF(A20="","",IF(BE20="牝馬限定","牝馬限定","その他")) -> その他
A21: 46228 | B21: 中京 | C21: 8 | D21: 8 | E21: 2 | F21: サラコスティ | G21: 74 | H21: 1 | I21: スノースケープ | J21: 60 | K21: 5 | L21: ブラックシャリマー | M21: 52 | N21: =IF(A21="","",G21-J21) -> 14 | O21: =IF(A21="","",J21-M21) -> 8 | P21: =IF(A21="","",G21+J21) -> 134 | Q21: =IF(A21="","",IF(AND(Y21<>"参考",G21>=ルール設定!$B$2),"○","")) | R21: =IF(A21="","",IF(AND(Y21<>"参考",G21>=ルール設定!$B$3,N21>=ルール設定!$B$4),"○","")) | S21: =IF(A21="","",IF(AND(Y21<>"参考",G21>=ルール設定!$B$5,J21>=ルール設定!$B$6,O21>=ルール設定!$B$7),"○","")) | T21: 3 | U21: 2 | V21: =IF(A21="","",IF(AND(ISNUMBER(T21),ISNUMBER(U21)),IF(AND(T21<=3,U21<=3),"○","×"),"")) -> ○ | W21: 210 | X21: 440 | Y21: 事後発見 | AI21: 22 | AJ21: 70～74 | AK21: 10～19 | AL21: 20～29 | AM21: 120～139 | AN21: 8～11 | AO21: =IF(A21="","",IF(COUNTIFS(全馬データ!$A$2:$A$50000,A21,全馬データ!$B$2:$B$50000,B21,全馬データ!$C$2:$C$50000,C21,全馬データ!$D$2:$D$50000,E21,全馬データ!$K$2:$K$50000,"<>")=0,"",SUMIFS(全馬データ!$K$2:$K$50000,全馬データ!$A$2:$A$50000,A21,全馬データ!$B$2:$B$50000,B21,全馬データ!$C$2:$C$50000,C21,全馬データ!$D$2:$D$50000,E21))) | AP21: =IF(A21="","",IF(AO21="","欠損",IF(AO21<=1.1,"1.0～1.1",IF(AO21<1.3,"1.2",IF(AO21<1.5,"1.3～1.4",IF(AO21<2,"1.5～1.9","2.0以上")))))) -> 欠損 | AQ21: =IF(A21="","",IF(ISNUMBER(SEARCH("2歳",Z21)),"2歳戦",IF(ISNUMBER(SEARCH("3歳未勝利",Z21)),"3歳未勝利",IF(ISNUMBER(SEARCH("未勝利",Z21)),"その他未勝利",IF(ISNUMBER(SEARCH("G1",Z21)),"G1",IF(ISNUMBER(SEARCH("G2",Z21)),"G2",IF(ISNUMBER(SEARCH("G3",Z21)),"G3",IF(ISNUMBER(SEARCH("古馬条件",Z21)),"古馬条件戦",IF(ISNUMBER(SEARCH("重賞",Z21)),"重賞","分類不能"))))))))) -> 分類不能 | AR21: 香嵐渓特別 | AS21: 13 | AT21: 3歳以上 | AU21: 05 | AV21: 1勝クラス | AW21: 5 | AX21: 特別 | AY21: 1 | AZ21: 芝 | BA21: 2000 | BB21: 11 | BC21: 良 | BD21: 102 | BE21: 指定なし | BF21: 0 | BG21: 4 | BH21: 定量 | BI21: 8 | BJ21: 2 | BK21: 左 | BL21: 1 | BM21: 通常(内) | BN21: 1 | BO21: A | BP21: 2 | BQ21: =IF(A21="","",AT21) -> 3歳以上 | BR21: =IF(A21="","",IF(BA21<=1200,"～1200",IF(BA21<=1500,"1300～1500",IF(BA21=1600,"1600",IF(BA21<=1800,"1700～1800",IF(BA21<=2000,"1900～2000","2100以上")))))) -> 1900～2000 | BS21: =IF(A21="","",IF(AX21="G1","G1",IF(AX21="G2","G2",IF(AX21="G3","G3",IF(AX21="L","L","その他"))))) -> その他 | BT21: =IF(A21="","",IF(BI21="","未結合",IF(D21=BI21,"一致","不一致"))) -> 一致 | BU21: =IF(A21="","",IF(BE21="牝馬限定","牝馬限定","その他")) -> その他
A22: 46228 | B22: 中京 | C22: 9 | D22: 16 | E22: 2 | F22: ルビドゥソレイユ | G22: 60 | H22: 1 | I22: ワイズギャング | J22: 44 | K22: 14 | L22: イーブンベター | M22: 37 | N22: =IF(A22="","",G22-J22) -> 16 | O22: =IF(A22="","",J22-M22) -> 7 | P22: =IF(A22="","",G22+J22) -> 104 | Q22: =IF(A22="","",IF(AND(Y22<>"参考",G22>=ルール設定!$B$2),"○","")) | R22: =IF(A22="","",IF(AND(Y22<>"参考",G22>=ルール設定!$B$3,N22>=ルール設定!$B$4),"○","")) | S22: =IF(A22="","",IF(AND(Y22<>"参考",G22>=ルール設定!$B$5,J22>=ルール設定!$B$6,O22>=ルール設定!$B$7),"○","")) | T22: 1 | U22: 4 | V22: =IF(A22="","",IF(AND(ISNUMBER(T22),ISNUMBER(U22)),IF(AND(T22<=3,U22<=3),"○","×"),"")) -> × | W22: 150 | Y22: 事後発見 | AI22: 23 | AJ22: 60～69 | AK22: 10～19 | AL22: 20～29 | AM22: 100～119 | AN22: 15以上 | AO22: =IF(A22="","",IF(COUNTIFS(全馬データ!$A$2:$A$50000,A22,全馬データ!$B$2:$B$50000,B22,全馬データ!$C$2:$C$50000,C22,全馬データ!$D$2:$D$50000,E22,全馬データ!$K$2:$K$50000,"<>")=0,"",SUMIFS(全馬データ!$K$2:$K$50000,全馬データ!$A$2:$A$50000,A22,全馬データ!$B$2:$B$50000,B22,全馬データ!$C$2:$C$50000,C22,全馬データ!$D$2:$D$50000,E22))) | AP22: =IF(A22="","",IF(AO22="","欠損",IF(AO22<=1.1,"1.0～1.1",IF(AO22<1.3,"1.2",IF(AO22<1.5,"1.3～1.4",IF(AO22<2,"1.5～1.9","2.0以上")))))) -> 欠損 | AQ22: =IF(A22="","",IF(ISNUMBER(SEARCH("2歳",Z22)),"2歳戦",IF(ISNUMBER(SEARCH("3歳未勝利",Z22)),"3歳未勝利",IF(ISNUMBER(SEARCH("未勝利",Z22)),"その他未勝利",IF(ISNUMBER(SEARCH("G1",Z22)),"G1",IF(ISNUMBER(SEARCH("G2",Z22)),"G2",IF(ISNUMBER(SEARCH("G3",Z22)),"G3",IF(ISNUMBER(SEARCH("古馬条件",Z22)),"古馬条件戦",IF(ISNUMBER(SEARCH("重賞",Z22)),"重賞","分類不能"))))))))) -> 分類不能 | AS22: 13 | AT22: 3歳以上 | AU22: 05 | AV22: 1勝クラス | AY22: 2 | AZ22: ダート | BA22: 1400 | BB22: 10 | BC22: 良 | BD22: 022 | BE22: 牝馬限定 | BF22: 1 | BG22: 4 | BH22: 定量 | BI22: 16 | BJ22: 2 | BK22: 左 | BL22: 1 | BM22: 通常(内) | BP22: 2 | BQ22: =IF(A22="","",AT22) -> 3歳以上 | BR22: =IF(A22="","",IF(BA22<=1200,"～1200",IF(BA22<=1500,"1300～1500",IF(BA22=1600,"1600",IF(BA22<=1800,"1700～1800",IF(BA22<=2000,"1900～2000","2100以上")))))) -> 1300～1500 | BS22: =IF(A22="","",IF(AX22="G1","G1",IF(AX22="G2","G2",IF(AX22="G3","G3",IF(AX22="L","L","その他"))))) -> その他 | BT22: =IF(A22="","",IF(BI22="","未結合",IF(D22=BI22,"一致","不一致"))) -> 一致 | BU22: =IF(A22="","",IF(BE22="牝馬限定","牝馬限定","その他")) -> 牝馬限定
A23: 46228 | B23: 中京 | C23: 10 | D23: 13 | E23: 9 | F23: アスクチャンスマン | G23: 71 | H23: 12 | I23: リヒトミューレ | J23: 47 | K23: 1 | L23: ミランド | M23: 41 | N23: =IF(A23="","",G23-J23) -> 24 | O23: =IF(A23="","",J23-M23) -> 6 | P23: =IF(A23="","",G23+J23) -> 118 | Q23: =IF(A23="","",IF(AND(Y23<>"参考",G23>=ルール設定!$B$2),"○","")) | R23: =IF(A23="","",IF(AND(Y23<>"参考",G23>=ルール設定!$B$3,N23>=ルール設定!$B$4),"○","")) | S23: =IF(A23="","",IF(AND(Y23<>"参考",G23>=ルール設定!$B$5,J23>=ルール設定!$B$6,O23>=ルール設定!$B$7),"○","")) | T23: 3 | U23: 1 | V23: =IF(A23="","",IF(AND(ISNUMBER(T23),ISNUMBER(U23)),IF(AND(T23<=3,U23<=3),"○","×"),"")) -> ○ | W23: 130 | X23: 310 | Y23: 事後発見 | Z23: 同率は馬番順で上位3頭欄へ | AI23: 30 | AJ23: 70～74 | AK23: 20～29 | AL23: 30～39 | AM23: 100～119 | AN23: 12～14 | AO23: =IF(A23="","",IF(COUNTIFS(全馬データ!$A$2:$A$50000,A23,全馬データ!$B$2:$B$50000,B23,全馬データ!$C$2:$C$50000,C23,全馬データ!$D$2:$D$50000,E23,全馬データ!$K$2:$K$50000,"<>")=0,"",SUMIFS(全馬データ!$K$2:$K$50000,全馬データ!$A$2:$A$50000,A23,全馬データ!$B$2:$B$50000,B23,全馬データ!$C$2:$C$50000,C23,全馬データ!$D$2:$D$50000,E23))) | AP23: =IF(A23="","",IF(AO23="","欠損",IF(AO23<=1.1,"1.0～1.1",IF(AO23<1.3,"1.2",IF(AO23<1.5,"1.3～1.4",IF(AO23<2,"1.5～1.9","2.0以上")))))) -> 欠損 | AQ23: =IF(A23="","",IF(ISNUMBER(SEARCH("2歳",Z23)),"2歳戦",IF(ISNUMBER(SEARCH("3歳未勝利",Z23)),"3歳未勝利",IF(ISNUMBER(SEARCH("未勝利",Z23)),"その他未勝利",IF(ISNUMBER(SEARCH("G1",Z23)),"G1",IF(ISNUMBER(SEARCH("G2",Z23)),"G2",IF(ISNUMBER(SEARCH("G3",Z23)),"G3",IF(ISNUMBER(SEARCH("古馬条件",Z23)),"古馬条件戦",IF(ISNUMBER(SEARCH("重賞",Z23)),"重賞","分類不能"))))))))) -> 分類不能 | AS23: 13 | AT23: 3歳以上 | AU23: 05 | AV23: 1勝クラス | AY23: 2 | AZ23: ダート | BA23: 1800 | BB23: 10 | BC23: 良 | BD23: 002 | BE23: 指定なし | BF23: 0 | BG23: 4 | BH23: 定量 | BI23: 13 | BJ23: 2 | BK23: 左 | BL23: 1 | BM23: 通常(内) | BP23: 2 | BQ23: =IF(A23="","",AT23) -> 3歳以上 | BR23: =IF(A23="","",IF(BA23<=1200,"～1200",IF(BA23<=1500,"1300～1500",IF(BA23=1600,"1600",IF(BA23<=1800,"1700～1800",IF(BA23<=2000,"1900～2000","2100以上")))))) -> 1700～1800 | BS23: =IF(A23="","",IF(AX23="G1","G1",IF(AX23="G2","G2",IF(AX23="G3","G3",IF(AX23="L","L","その他"))))) -> その他 | BT23: =IF(A23="","",IF(BI23="","未結合",IF(D23=BI23,"一致","不一致"))) -> 一致 | BU23: =IF(A23="","",IF(BE23="牝馬限定","牝馬限定","その他")) -> その他
A24: 46228 | B24: 中京 | C24: 11 | D24: 8 | E24: 3 | F24: ルージュスプリヤ | G24: 65 | H24: 7 | I24: ケールハイム | J24: 60 | K24: 5 | L24: ニシノトリビュート | M24: 34 | N24: =IF(A24="","",G24-J24) -> 5 | O24: =IF(A24="","",J24-M24) -> 26 | P24: =IF(A24="","",G24+J24) -> 125 | Q24: =IF(A24="","",IF(AND(Y24<>"参考",G24>=ルール設定!$B$2),"○","")) | R24: =IF(A24="","",IF(AND(Y24<>"参考",G24>=ルール設定!$B$3,N24>=ルール設定!$B$4),"○","")) | S24: =IF(A24="","",IF(AND(Y24<>"参考",G24>=ルール設定!$B$5,J24>=ルール設定!$B$6,O24>=ルール設定!$B$7),"○","")) -> ○ | T24: 1 | U24: 2 | V24: =IF(A24="","",IF(AND(ISNUMBER(T24),ISNUMBER(U24)),IF(AND(T24<=3,U24<=3),"○","×"),"")) -> ○ | W24: 110 | X24: 130 | Y24: 事後発見 | AI24: 31 | AJ24: 60～69 | AK24: 5～9 | AL24: 30～39 | AM24: 120～139 | AN24: 8～11 | AO24: =IF(A24="","",IF(COUNTIFS(全馬データ!$A$2:$A$50000,A24,全馬データ!$B$2:$B$50000,B24,全馬データ!$C$2:$C$50000,C24,全馬データ!$D$2:$D$50000,E24,全馬データ!$K$2:$K$50000,"<>")=0,"",SUMIFS(全馬データ!$K$2:$K$50000,全馬データ!$A$2:$A$50000,A24,全馬データ!$B$2:$B$50000,B24,全馬データ!$C$2:$C$50000,C24,全馬データ!$D$2:$D$50000,E24))) | AP24: =IF(A24="","",IF(AO24="","欠損",IF(AO24<=1.1,"1.0～1.1",IF(AO24<1.3,"1.2",IF(AO24<1.5,"1.3～1.4",IF(AO24<2,"1.5～1.9","2.0以上")))))) -> 欠損 | AQ24: =IF(A24="","",IF(ISNUMBER(SEARCH("2歳",Z24)),"2歳戦",IF(ISNUMBER(SEARCH("3歳未勝利",Z24)),"3歳未勝利",IF(ISNUMBER(SEARCH("未勝利",Z24)),"その他未勝利",IF(ISNUMBER(SEARCH("G1",Z24)),"G1",IF(ISNUMBER(SEARCH("G2",Z24)),"G2",IF(ISNUMBER(SEARCH("G3",Z24)),"G3",IF(ISNUMBER(SEARCH("古馬条件",Z24)),"古馬条件戦",IF(ISNUMBER(SEARCH("重賞",Z24)),"重賞","分類不能"))))))))) -> 分類不能 | AS24: 13 | AT24: 3歳以上 | AU24: 05 | AV24: 1勝クラス | AY24: 1 | AZ24: 芝 | BA24: 1200 | BB24: 11 | BC24: 良 | BD24: 002 | BE24: 指定なし | BF24: 0 | BG24: 4 | BH24: 定量 | BI24: 8 | BJ24: 2 | BK24: 左 | BL24: 1 | BM24: 通常(内) | BN24: 1 | BO24: A | BP24: 2 | BQ24: =IF(A24="","",AT24) -> 3歳以上 | BR24: =IF(A24="","",IF(BA24<=1200,"～1200",IF(BA24<=1500,"1300～1500",IF(BA24=1600,"1600",IF(BA24<=1800,"1700～1800",IF(BA24<=2000,"1900～2000","2100以上")))))) -> ～1200 | BS24: =IF(A24="","",IF(AX24="G1","G1",IF(AX24="G2","G2",IF(AX24="G3","G3",IF(AX24="L","L","その他"))))) -> その他 | BT24: =IF(A24="","",IF(BI24="","未結合",IF(D24=BI24,"一致","不一致"))) -> 一致 | BU24: =IF(A24="","",IF(BE24="牝馬限定","牝馬限定","その他")) -> その他
A25: 46228 | B25: 中京 | C25: 12 | D25: 16 | E25: 4 | F25: ビッグヒーロー | G25: 56 | H25: 13 | I25: ミッキーラヴィータ | J25: 56 | K25: 8 | L25: ララディアーブル | M25: 39 | N25: =IF(A25="","",G25-J25) -> 0 | O25: =IF(A25="","",J25-M25) -> 17 | P25: =IF(A25="","",G25+J25) -> 112 | Q25: =IF(A25="","",IF(AND(Y25<>"参考",G25>=ルール設定!$B$2),"○","")) | R25: =IF(A25="","",IF(AND(Y25<>"参考",G25>=ルール設定!$B$3,N25>=ルール設定!$B$4),"○","")) | S25: =IF(A25="","",IF(AND(Y25<>"参考",G25>=ルール設定!$B$5,J25>=ルール設定!$B$6,O25>=ルール設定!$B$7),"○","")) | T25: 2 | U25: 4 | V25: =IF(A25="","",IF(AND(ISNUMBER(T25),ISNUMBER(U25)),IF(AND(T25<=3,U25<=3),"○","×"),"")) -> × | W25: 140 | Y25: 事後発見 | Z25: 同率は馬番順で上位3頭欄へ | AI25: 17 | AJ25: ～59 | AK25: 0～4 | AL25: 10～19 | AM25: 100～119 | AN25: 15以上 | AO25: =IF(A25="","",IF(COUNTIFS(全馬データ!$A$2:$A$50000,A25,全馬データ!$B$2:$B$50000,B25,全馬データ!$C$2:$C$50000,C25,全馬データ!$D$2:$D$50000,E25,全馬データ!$K$2:$K$50000,"<>")=0,"",SUMIFS(全馬データ!$K$2:$K$50000,全馬データ!$A$2:$A$50000,A25,全馬データ!$B$2:$B$50000,B25,全馬データ!$C$2:$C$50000,C25,全馬データ!$D$2:$D$50000,E25))) | AP25: =IF(A25="","",IF(AO25="","欠損",IF(AO25<=1.1,"1.0～1.1",IF(AO25<1.3,"1.2",IF(AO25<1.5,"1.3～1.4",IF(AO25<2,"1.5～1.9","2.0以上")))))) -> 欠損 | AQ25: =IF(A25="","",IF(ISNUMBER(SEARCH("2歳",Z25)),"2歳戦",IF(ISNUMBER(SEARCH("3歳未勝利",Z25)),"3歳未勝利",IF(ISNUMBER(SEARCH("未勝利",Z25)),"その他未勝利",IF(ISNUMBER(SEARCH("G1",Z25)),"G1",IF(ISNUMBER(SEARCH("G2",Z25)),"G2",IF(ISNUMBER(SEARCH("G3",Z25)),"G3",IF(ISNUMBER(SEARCH("古馬条件",Z25)),"古馬条件戦",IF(ISNUMBER(SEARCH("重賞",Z25)),"重賞","分類不能"))))))))) -> 分類不能 | AS25: 12 | AT25: 3歳 | AU25: A3 | AV25: 未勝利 | AY25: 1 | AZ25: 芝 | BA25: 1600 | BB25: 11 | BC25: 良 | BD25: 102 | BE25: 指定なし | BF25: 0 | BG25: 3 | BH25: 馬齢 | BI25: 16 | BJ25: 2 | BK25: 左 | BL25: 1 | BM25: 通常(内) | BN25: 1 | BO25: A | BP25: 2 | BQ25: =IF(A25="","",AT25) -> 3歳 | BR25: =IF(A25="","",IF(BA25<=1200,"～1200",IF(BA25<=1500,"1300～1500",IF(BA25=1600,"1600",IF(BA25<=1800,"1700～1800",IF(BA25<=2000,"1900～2000","2100以上")))))) -> 1600 | BS25: =IF(A25="","",IF(AX25="G1","G1",IF(AX25="G2","G2",IF(AX25="G3","G3",IF(AX25="L","L","その他"))))) -> その他 | BT25: =IF(A25="","",IF(BI25="","未結合",IF(D25=BI25,"一致","不一致"))) -> 一致 | BU25: =IF(A25="","",IF(BE25="牝馬限定","牝馬限定","その他")) -> その他
A26: 46228 | B26: 札幌 | C26: 1 | D26: 8 | E26: 3 | F26: カッサンドラ | G26: 65 | H26: 5 | I26: アイビーミャーオ | J26: 47 | K26: 7 | L26: カレンココナ | M26: 41 | N26: =IF(A26="","",G26-J26) -> 18 | O26: =IF(A26="","",J26-M26) -> 6 | P26: =IF(A26="","",G26+J26) -> 112 | Q26: =IF(A26="","",IF(AND(Y26<>"参考",G26>=ルール設定!$B$2),"○","")) | R26: =IF(A26="","",IF(AND(Y26<>"参考",G26>=ルール設定!$B$3,N26>=ルール設定!$B$4),"○","")) | S26: =IF(A26="","",IF(AND(Y26<>"参考",G26>=ルール設定!$B$5,J26>=ルール設定!$B$6,O26>=ルール設定!$B$7),"○","")) | T26: 3 | U26: 2 | V26: =IF(A26="","",IF(AND(ISNUMBER(T26),ISNUMBER(U26)),IF(AND(T26<=3,U26<=3),"○","×"),"")) -> ○ | W26: 110 | X26: 230 | Y26: 事後発見 | AI26: 24 | AJ26: 60～69 | AK26: 10～19 | AL26: 20～29 | AM26: 100～119 | AN26: 8～11 | AO26: =IF(A26="","",IF(COUNTIFS(全馬データ!$A$2:$A$50000,A26,全馬データ!$B$2:$B$50000,B26,全馬データ!$C$2:$C$50000,C26,全馬データ!$D$2:$D$50000,E26,全馬データ!$K$2:$K$50000,"<>")=0,"",SUMIFS(全馬データ!$K$2:$K$50000,全馬データ!$A$2:$A$50000,A26,全馬データ!$B$2:$B$50000,B26,全馬データ!$C$2:$C$50000,C26,全馬データ!$D$2:$D$50000,E26))) | AP26: =IF(A26="","",IF(AO26="","欠損",IF(AO26<=1.1,"1.0～1.1",IF(AO26<1.3,"1.2",IF(AO26<1.5,"1.3～1.4",IF(AO26<2,"1.5～1.9","2.0以上")))))) -> 欠損 | AQ26: =IF(A26="","",IF(ISNUMBER(SEARCH("2歳",Z26)),"2歳戦",IF(ISNUMBER(SEARCH("3歳未勝利",Z26)),"3歳未勝利",IF(ISNUMBER(SEARCH("未勝利",Z26)),"その他未勝利",IF(ISNUMBER(SEARCH("G1",Z26)),"G1",IF(ISNUMBER(SEARCH("G2",Z26)),"G2",IF(ISNUMBER(SEARCH("G3",Z26)),"G3",IF(ISNUMBER(SEARCH("古馬条件",Z26)),"古馬条件戦",IF(ISNUMBER(SEARCH("重賞",Z26)),"重賞","分類不能"))))))))) -> 分類不能 | AS26: 12 | AT26: 3歳 | AU26: A3 | AV26: 未勝利 | AY26: 2 | AZ26: ダート | BA26: 1000 | BB26: 11 | BC26: 良 | BD26: 102 | BE26: 指定なし | BF26: 0 | BG26: 3 | BH26: 馬齢 | BI26: 8 | BJ26: 1 | BK26: 右 | BL26: 1 | BM26: 通常(内) | BP26: 3 | BQ26: =IF(A26="","",AT26) -> 3歳 | BR26: =IF(A26="","",IF(BA26<=1200,"～1200",IF(BA26<=1500,"1300～1500",IF(BA26=1600,"1600",IF(BA26<=1800,"1700～1800",IF(BA26<=2000,"1900～2000","2100以上")))))) -> ～1200 | BS26: =IF(A26="","",IF(AX26="G1","G1",IF(AX26="G2","G2",IF(AX26="G3","G3",IF(AX26="L","L","その他"))))) -> その他 | BT26: =IF(A26="","",IF(BI26="","未結合",IF(D26=BI26,"一致","不一致"))) -> 一致 | BU26: =IF(A26="","",IF(BE26="牝馬限定","牝馬限定","その他")) -> その他
A27: 46228 | B27: 札幌 | C27: 2 | D27: 8 | E27: 6 | F27: ライフイズアート | G27: 56 | H27: 5 | I27: ヌーンベルク | J27: 52 | K27: 2 | L27: ヴィヴィアンリーチ | M27: 44 | N27: =IF(A27="","",G27-J27) -> 4 | O27: =IF(A27="","",J27-M27) -> 8 | P27: =IF(A27="","",G27+J27) -> 108 | Q27: =IF(A27="","",IF(AND(Y27<>"参考",G27>=ルール設定!$B$2),"○","")) | R27: =IF(A27="","",IF(AND(Y27<>"参考",G27>=ルール設定!$B$3,N27>=ルール設定!$B$4),"○","")) | S27: =IF(A27="","",IF(AND(Y27<>"参考",G27>=ルール設定!$B$5,J27>=ルール設定!$B$6,O27>=ルール設定!$B$7),"○","")) | T27: 4 | U27: 1 | V27: =IF(A27="","",IF(AND(ISNUMBER(T27),ISNUMBER(U27)),IF(AND(T27<=3,U27<=3),"○","×"),"")) -> × | Y27: 事後発見 | AI27: 12 | AJ27: ～59 | AK27: 0～4 | AL27: 10～19 | AM27: 100～119 | AN27: 8～11 | AO27: =IF(A27="","",IF(COUNTIFS(全馬データ!$A$2:$A$50000,A27,全馬データ!$B$2:$B$50000,B27,全馬データ!$C$2:$C$50000,C27,全馬データ!$D$2:$D$50000,E27,全馬データ!$K$2:$K$50000,"<>")=0,"",SUMIFS(全馬データ!$K$2:$K$50000,全馬データ!$A$2:$A$50000,A27,全馬データ!$B$2:$B$50000,B27,全馬データ!$C$2:$C$50000,C27,全馬データ!$D$2:$D$50000,E27))) | AP27: =IF(A27="","",IF(AO27="","欠損",IF(AO27<=1.1,"1.0～1.1",IF(AO27<1.3,"1.2",IF(AO27<1.5,"1.3～1.4",IF(AO27<2,"1.5～1.9","2.0以上")))))) -> 欠損 | AQ27: =IF(A27="","",IF(ISNUMBER(SEARCH("2歳",Z27)),"2歳戦",IF(ISNUMBER(SEARCH("3歳未勝利",Z27)),"3歳未勝利",IF(ISNUMBER(SEARCH("未勝利",Z27)),"その他未勝利",IF(ISNUMBER(SEARCH("G1",Z27)),"G1",IF(ISNUMBER(SEARCH("G2",Z27)),"G2",IF(ISNUMBER(SEARCH("G3",Z27)),"G3",IF(ISNUMBER(SEARCH("古馬条件",Z27)),"古馬条件戦",IF(ISNUMBER(SEARCH("重賞",Z27)),"重賞","分類不能"))))))))) -> 分類不能 | AS27: 11 | AT27: 2歳 | AU27: A3 | AV27: 未勝利 | AY27: 1 | AZ27: 芝 | BA27: 1200 | BB27: 11 | BC27: 良 | BD27: 102 | BE27: 指定なし | BF27: 0 | BG27: 3 | BH27: 馬齢 | BI27: 8 | BJ27: 1 | BK27: 右 | BL27: 1 | BM27: 通常(内) | BN27: 1 | BO27: A | BP27: 3 | BQ27: =IF(A27="","",AT27) -> 2歳 | BR27: =IF(A27="","",IF(BA27<=1200,"～1200",IF(BA27<=1500,"1300～1500",IF(BA27=1600,"1600",IF(BA27<=1800,"1700～1800",IF(BA27<=2000,"1900～2000","2100以上")))))) -> ～1200 | BS27: =IF(A27="","",IF(AX27="G1","G1",IF(AX27="G2","G2",IF(AX27="G3","G3",IF(AX27="L","L","その他"))))) -> その他 | BT27: =IF(A27="","",IF(BI27="","未結合",IF(D27=BI27,"一致","不一致"))) -> 一致 | BU27: =IF(A27="","",IF(BE27="牝馬限定","牝馬限定","その他")) -> その他
A28: 46228 | B28: 札幌 | C28: 3 | D28: 10 | E28: 6 | F28: アオイミズホ | G28: 47 | H28: 7 | I28: メイショウノヴァス | J28: 47 | K28: 8 | L28: ブルーフレア | M28: 41 | N28: =IF(A28="","",G28-J28) -> 0 | O28: =IF(A28="","",J28-M28) -> 6 | P28: =IF(A28="","",G28+J28) -> 94 | Q28: =IF(A28="","",IF(AND(Y28<>"参考",G28>=ルール設定!$B$2),"○","")) | R28: =IF(A28="","",IF(AND(Y28<>"参考",G28>=ルール設定!$B$3,N28>=ルール設定!$B$4),"○","")) | S28: =IF(A28="","",IF(AND(Y28<>"参考",G28>=ルール設定!$B$5,J28>=ルール設定!$B$6,O28>=ルール設定!$B$7),"○","")) | T28: 3 | U28: 4 | V28: =IF(A28="","",IF(AND(ISNUMBER(T28),ISNUMBER(U28)),IF(AND(T28<=3,U28<=3),"○","×"),"")) -> × | W28: 120 | Y28: 事後発見 | Z28: 同率は馬番順で上位3頭欄へ | AI28: 6 | AJ28: ～59 | AK28: 0～4 | AL28: 0～9 | AM28: ～99 | AN28: 8～11 | AO28: =IF(A28="","",IF(COUNTIFS(全馬データ!$A$2:$A$50000,A28,全馬データ!$B$2:$B$50000,B28,全馬データ!$C$2:$C$50000,C28,全馬データ!$D$2:$D$50000,E28,全馬データ!$K$2:$K$50000,"<>")=0,"",SUMIFS(全馬データ!$K$2:$K$50000,全馬データ!$A$2:$A$50000,A28,全馬データ!$B$2:$B$50000,B28,全馬データ!$C$2:$C$50000,C28,全馬データ!$D$2:$D$50000,E28))) | AP28: =IF(A28="","",IF(AO28="","欠損",IF(AO28<=1.1,"1.0～1.1",IF(AO28<1.3,"1.2",IF(AO28<1.5,"1.3～1.4",IF(AO28<2,"1.5～1.9","2.0以上")))))) -> 欠損 | AQ28: =IF(A28="","",IF(ISNUMBER(SEARCH("2歳",Z28)),"2歳戦",IF(ISNUMBER(SEARCH("3歳未勝利",Z28)),"3歳未勝利",IF(ISNUMBER(SEARCH("未勝利",Z28)),"その他未勝利",IF(ISNUMBER(SEARCH("G1",Z28)),"G1",IF(ISNUMBER(SEARCH("G2",Z28)),"G2",IF(ISNUMBER(SEARCH("G3",Z28)),"G3",IF(ISNUMBER(SEARCH("古馬条件",Z28)),"古馬条件戦",IF(ISNUMBER(SEARCH("重賞",Z28)),"重賞","分類不能"))))))))) -> 分類不能 | AS28: 12 | AT28: 3歳 | AU28: A3 | AV28: 未勝利 | AY28: 2 | AZ28: ダート | BA28: 1700 | BB28: 11 | BC28: 良 | BD28: 002 | BE28: 指定なし | BF28: 0 | BG28: 3 | BH28: 馬齢 | BI28: 10 | BJ28: 1 | BK28: 右 | BL28: 1 | BM28: 通常(内) | BP28: 3 | BQ28: =IF(A28="","",AT28) -> 3歳 | BR28: =IF(A28="","",IF(BA28<=1200,"～1200",IF(BA28<=1500,"1300～1500",IF(BA28=1600,"1600",IF(BA28<=1800,"1700～1800",IF(BA28<=2000,"1900～2000","2100以上")))))) -> 1700～1800 | BS28: =IF(A28="","",IF(AX28="G1","G1",IF(AX28="G2","G2",IF(AX28="G3","G3",IF(AX28="L","L","その他"))))) -> その他 | BT28: =IF(A28="","",IF(BI28="","未結合",IF(D28=BI28,"一致","不一致"))) -> 一致 | BU28: =IF(A28="","",IF(BE28="牝馬限定","牝馬限定","その他")) -> その他
A29: 46228 | B29: 札幌 | C29: 4 | D29: 14 | E29: 4 | F29: エアヴァイブス | G29: 56 | H29: 11 | I29: フレッチャアズーラ | J29: 56 | K29: 3 | L29: アロハ | M29: 47 | N29: =IF(A29="","",G29-J29) -> 0 | O29: =IF(A29="","",J29-M29) -> 9 | P29: =IF(A29="","",G29+J29) -> 112 | Q29: =IF(A29="","",IF(AND(Y29<>"参考",G29>=ルール設定!$B$2),"○","")) | R29: =IF(A29="","",IF(AND(Y29<>"参考",G29>=ルール設定!$B$3,N29>=ルール設定!$B$4),"○","")) | S29: =IF(A29="","",IF(AND(Y29<>"参考",G29>=ルール設定!$B$5,J29>=ルール設定!$B$6,O29>=ルール設定!$B$7),"○","")) | T29: 3 | U29: 1 | V29: =IF(A29="","",IF(AND(ISNUMBER(T29),ISNUMBER(U29)),IF(AND(T29<=3,U29<=3),"○","×"),"")) -> ○ | W29: 140 | X29: 250 | Y29: 事後発見 | Z29: 同率は馬番順で上位3頭欄へ | AI29: 9 | AJ29: ～59 | AK29: 0～4 | AL29: 0～9 | AM29: 100～119 | AN29: 12～14 | AO29: =IF(A29="","",IF(COUNTIFS(全馬データ!$A$2:$A$50000,A29,全馬データ!$B$2:$B$50000,B29,全馬データ!$C$2:$C$50000,C29,全馬データ!$D$2:$D$50000,E29,全馬データ!$K$2:$K$50000,"<>")=0,"",SUMIFS(全馬データ!$K$2:$K$50000,全馬データ!$A$2:$A$50000,A29,全馬データ!$B$2:$B$50000,B29,全馬データ!$C$2:$C$50000,C29,全馬データ!$D$2:$D$50000,E29))) | AP29: =IF(A29="","",IF(AO29="","欠損",IF(AO29<=1.1,"1.0～1.1",IF(AO29<1.3,"1.2",IF(AO29<1.5,"1.3～1.4",IF(AO29<2,"1.5～1.9","2.0以上")))))) -> 欠損 | AQ29: =IF(A29="","",IF(ISNUMBER(SEARCH("2歳",Z29)),"2歳戦",IF(ISNUMBER(SEARCH("3歳未勝利",Z29)),"3歳未勝利",IF(ISNUMBER(SEARCH("未勝利",Z29)),"その他未勝利",IF(ISNUMBER(SEARCH("G1",Z29)),"G1",IF(ISNUMBER(SEARCH("G2",Z29)),"G2",IF(ISNUMBER(SEARCH("G3",Z29)),"G3",IF(ISNUMBER(SEARCH("古馬条件",Z29)),"古馬条件戦",IF(ISNUMBER(SEARCH("重賞",Z29)),"重賞","分類不能"))))))))) -> 分類不能 | AS29: 12 | AT29: 3歳 | AU29: A3 | AV29: 未勝利 | AY29: 1 | AZ29: 芝 | BA29: 1500 | BB29: 11 | BC29: 良 | BD29: 022 | BE29: 牝馬限定 | BF29: 1 | BG29: 3 | BH29: 馬齢 | BI29: 14 | BJ29: 1 | BK29: 右 | BL29: 1 | BM29: 通常(内) | BN29: 1 | BO29: A | BP29: 3 | BQ29: =IF(A29="","",AT29) -> 3歳 | BR29: =IF(A29="","",IF(BA29<=1200,"～1200",IF(BA29<=1500,"1300～1500",IF(BA29=1600,"1600",IF(BA29<=1800,"1700～1800",IF(BA29<=2000,"1900～2000","2100以上")))))) -> 1300～1500 | BS29: =IF(A29="","",IF(AX29="G1","G1",IF(AX29="G2","G2",IF(AX29="G3","G3",IF(AX29="L","L","その他"))))) -> その他 | BT29: =IF(A29="","",IF(BI29="","未結合",IF(D29=BI29,"一致","不一致"))) -> 一致 | BU29: =IF(A29="","",IF(BE29="牝馬限定","牝馬限定","その他")) -> 牝馬限定
A30: 46228 | B30: 札幌 | C30: 5 | D30: 6 | E30: 1 | F30: レガメデルヴェント | G30: 37 | H30: 2 | I30: アンバーバレット | J30: 37 | K30: 3 | L30: ホウオウシュウ | M30: 37 | N30: =IF(A30="","",G30-J30) -> 0 | O30: =IF(A30="","",J30-M30) -> 0 | P30: =IF(A30="","",G30+J30) -> 74 | Q30: =IF(A30="","",IF(AND(Y30<>"参考",G30>=ルール設定!$B$2),"○","")) | R30: =IF(A30="","",IF(AND(Y30<>"参考",G30>=ルール設定!$B$3,N30>=ルール設定!$B$4),"○","")) | S30: =IF(A30="","",IF(AND(Y30<>"参考",G30>=ルール設定!$B$5,J30>=ルール設定!$B$6,O30>=ルール設定!$B$7),"○","")) | T30: 1 | U30: 3 | V30: =IF(A30="","",IF(AND(ISNUMBER(T30),ISNUMBER(U30)),IF(AND(T30<=3,U30<=3),"○","×"),"")) -> ○ | W30: 130 | X30: 190 | Y30: 事後発見 | Z30: 同率は馬番順で上位3頭欄へ | AI30: 0 | AJ30: ～59 | AK30: 0～4 | AL30: 0～9 | AM30: ～99 | AN30: 7以下 | AO30: =IF(A30="","",IF(COUNTIFS(全馬データ!$A$2:$A$50000,A30,全馬データ!$B$2:$B$50000,B30,全馬データ!$C$2:$C$50000,C30,全馬データ!$D$2:$D$50000,E30,全馬データ!$K$2:$K$50000,"<>")=0,"",SUMIFS(全馬データ!$K$2:$K$50000,全馬データ!$A$2:$A$50000,A30,全馬データ!$B$2:$B$50000,B30,全馬データ!$C$2:$C$50000,C30,全馬データ!$D$2:$D$50000,E30))) | AP30: =IF(A30="","",IF(AO30="","欠損",IF(AO30<=1.1,"1.0～1.1",IF(AO30<1.3,"1.2",IF(AO30<1.5,"1.3～1.4",IF(AO30<2,"1.5～1.9","2.0以上")))))) -> 欠損 | AQ30: =IF(A30="","",IF(ISNUMBER(SEARCH("2歳",Z30)),"2歳戦",IF(ISNUMBER(SEARCH("3歳未勝利",Z30)),"3歳未勝利",IF(ISNUMBER(SEARCH("未勝利",Z30)),"その他未勝利",IF(ISNUMBER(SEARCH("G1",Z30)),"G1",IF(ISNUMBER(SEARCH("G2",Z30)),"G2",IF(ISNUMBER(SEARCH("G3",Z30)),"G3",IF(ISNUMBER(SEARCH("古馬条件",Z30)),"古馬条件戦",IF(ISNUMBER(SEARCH("重賞",Z30)),"重賞","分類不能"))))))))) -> 分類不能 | AS30: 11 | AT30: 2歳 | AU30: A1 | AV30: 新馬 | AY30: 2 | AZ30: ダート | BA30: 1700 | BB30: 11 | BC30: 良 | BD30: 102 | BE30: 指定なし | BF30: 0 | BG30: 3 | BH30: 馬齢 | BI30: 6 | BJ30: 1 | BK30: 右 | BL30: 1 | BM30: 通常(内) | BP30: 3 | BQ30: =IF(A30="","",AT30) -> 2歳 | BR30: =IF(A30="","",IF(BA30<=1200,"～1200",IF(BA30<=1500,"1300～1500",IF(BA30=1600,"1600",IF(BA30<=1800,"1700～1800",IF(BA30<=2000,"1900～2000","2100以上")))))) -> 1700～1800 | BS30: =IF(A30="","",IF(AX30="G1","G1",IF(AX30="G2","G2",IF(AX30="G3","G3",IF(AX30="L","L","その他"))))) -> その他 | BT30: =IF(A30="","",IF(BI30="","未結合",IF(D30=BI30,"一致","不一致"))) -> 一致 | BU30: =IF(A30="","",IF(BE30="牝馬限定","牝馬限定","その他")) -> その他
A31: 46228 | B31: 札幌 | C31: 6 | D31: 14 | E31: 10 | F31: コワンニシタガウ | G31: 47 | H31: 1 | I31: インフィオラータ | J31: 41 | K31: 6 | L31: ヘクセンハウス | M31: 34 | N31: =IF(A31="","",G31-J31) -> 6 | O31: =IF(A31="","",J31-M31) -> 7 | P31: =IF(A31="","",G31+J31) -> 88 | Q31: =IF(A31="","",IF(AND(Y31<>"参考",G31>=ルール設定!$B$2),"○","")) | R31: =IF(A31="","",IF(AND(Y31<>"参考",G31>=ルール設定!$B$3,N31>=ルール設定!$B$4),"○","")) | S31: =IF(A31="","",IF(AND(Y31<>"参考",G31>=ルール設定!$B$5,J31>=ルール設定!$B$6,O31>=ルール設定!$B$7),"○","")) | T31: 2 | U31: 4 | V31: =IF(A31="","",IF(AND(ISNUMBER(T31),ISNUMBER(U31)),IF(AND(T31<=3,U31<=3),"○","×"),"")) -> × | W31: 170 | Y31: 事後発見 | AI31: 13 | AJ31: ～59 | AK31: 5～9 | AL31: 10～19 | AM31: ～99 | AN31: 12～14 | AO31: =IF(A31="","",IF(COUNTIFS(全馬データ!$A$2:$A$50000,A31,全馬データ!$B$2:$B$50000,B31,全馬データ!$C$2:$C$50000,C31,全馬データ!$D$2:$D$50000,E31,全馬データ!$K$2:$K$50000,"<>")=0,"",SUMIFS(全馬データ!$K$2:$K$50000,全馬データ!$A$2:$A$50000,A31,全馬データ!$B$2:$B$50000,B31,全馬データ!$C$2:$C$50000,C31,全馬データ!$D$2:$D$50000,E31))) | AP31: =IF(A31="","",IF(AO31="","欠損",IF(AO31<=1.1,"1.0～1.1",IF(AO31<1.3,"1.2",IF(AO31<1.5,"1.3～1.4",IF(AO31<2,"1.5～1.9","2.0以上")))))) -> 欠損 | AQ31: =IF(A31="","",IF(ISNUMBER(SEARCH("2歳",Z31)),"2歳戦",IF(ISNUMBER(SEARCH("3歳未勝利",Z31)),"3歳未勝利",IF(ISNUMBER(SEARCH("未勝利",Z31)),"その他未勝利",IF(ISNUMBER(SEARCH("G1",Z31)),"G1",IF(ISNUMBER(SEARCH("G2",Z31)),"G2",IF(ISNUMBER(SEARCH("G3",Z31)),"G3",IF(ISNUMBER(SEARCH("古馬条件",Z31)),"古馬条件戦",IF(ISNUMBER(SEARCH("重賞",Z31)),"重賞","分類不能"))))))))) -> 分類不能 | AS31: 12 | AT31: 3歳 | AU31: A3 | AV31: 未勝利 | AY31: 1 | AZ31: 芝 | BA31: 1800 | BB31: 11 | BC31: 良 | BD31: 102 | BE31: 指定なし | BF31: 0 | BG31: 3 | BH31: 馬齢 | BI31: 14 | BJ31: 1 | BK31: 右 | BL31: 1 | BM31: 通常(内) | BN31: 1 | BO31: A | BP31: 3 | BQ31: =IF(A31="","",AT31) -> 3歳 | BR31: =IF(A31="","",IF(BA31<=1200,"～1200",IF(BA31<=1500,"1300～1500",IF(BA31=1600,"1600",IF(BA31<=1800,"1700～1800",IF(BA31<=2000,"1900～2000","2100以上")))))) -> 1700～1800 | BS31: =IF(A31="","",IF(AX31="G1","G1",IF(AX31="G2","G2",IF(AX31="G3","G3",IF(AX31="L","L","その他"))))) -> その他 | BT31: =IF(A31="","",IF(BI31="","未結合",IF(D31=BI31,"一致","不一致"))) -> 一致 | BU31: =IF(A31="","",IF(BE31="牝馬限定","牝馬限定","その他")) -> その他
A32: 46228 | B32: 札幌 | C32: 7 | D32: 15 | E32: 7 | F32: ニシノサリーナ | G32: 56 | H32: 9 | I32: カイショー | J32: 52 | K32: 12 | L32: ジーティーエスピ | M32: 52 | N32: =IF(A32="","",G32-J32) -> 4 | O32: =IF(A32="","",J32-M32) -> 0 | P32: =IF(A32="","",G32+J32) -> 108 | Q32: =IF(A32="","",IF(AND(Y32<>"参考",G32>=ルール設定!$B$2),"○","")) | R32: =IF(A32="","",IF(AND(Y32<>"参考",G32>=ルール設定!$B$3,N32>=ルール設定!$B$4),"○","")) | S32: =IF(A32="","",IF(AND(Y32<>"参考",G32>=ルール設定!$B$5,J32>=ルール設定!$B$6,O32>=ルール設定!$B$7),"○","")) | T32: 2 | U32: 4 | V32: =IF(A32="","",IF(AND(ISNUMBER(T32),ISNUMBER(U32)),IF(AND(T32<=3,U32<=3),"○","×"),"")) -> × | W32: 190 | Y32: 事後発見 | Z32: 同率は馬番順で上位3頭欄へ | AI32: 4 | AJ32: ～59 | AK32: 0～4 | AL32: 0～9 | AM32: 100～119 | AN32: 15以上 | AO32: =IF(A32="","",IF(COUNTIFS(全馬データ!$A$2:$A$50000,A32,全馬データ!$B$2:$B$50000,B32,全馬データ!$C$2:$C$50000,C32,全馬データ!$D$2:$D$50000,E32,全馬データ!$K$2:$K$50000,"<>")=0,"",SUMIFS(全馬データ!$K$2:$K$50000,全馬データ!$A$2:$A$50000,A32,全馬データ!$B$2:$B$50000,B32,全馬データ!$C$2:$C$50000,C32,全馬データ!$D$2:$D$50000,E32))) | AP32: =IF(A32="","",IF(AO32="","欠損",IF(AO32<=1.1,"1.0～1.1",IF(AO32<1.3,"1.2",IF(AO32<1.5,"1.3～1.4",IF(AO32<2,"1.5～1.9","2.0以上")))))) -> 欠損 | AQ32: =IF(A32="","",IF(ISNUMBER(SEARCH("2歳",Z32)),"2歳戦",IF(ISNUMBER(SEARCH("3歳未勝利",Z32)),"3歳未勝利",IF(ISNUMBER(SEARCH("未勝利",Z32)),"その他未勝利",IF(ISNUMBER(SEARCH("G1",Z32)),"G1",IF(ISNUMBER(SEARCH("G2",Z32)),"G2",IF(ISNUMBER(SEARCH("G3",Z32)),"G3",IF(ISNUMBER(SEARCH("古馬条件",Z32)),"古馬条件戦",IF(ISNUMBER(SEARCH("重賞",Z32)),"重賞","分類不能"))))))))) -> 分類不能 | AS32: 13 | AT32: 3歳以上 | AU32: 05 | AV32: 1勝クラス | AY32: 1 | AZ32: 芝 | BA32: 1200 | BB32: 11 | BC32: 良 | BD32: 002 | BE32: 指定なし | BF32: 0 | BG32: 4 | BH32: 定量 | BI32: 15 | BJ32: 1 | BK32: 右 | BL32: 1 | BM32: 通常(内) | BN32: 1 | BO32: A | BP32: 3 | BQ32: =IF(A32="","",AT32) -> 3歳以上 | BR32: =IF(A32="","",IF(BA32<=1200,"～1200",IF(BA32<=1500,"1300～1500",IF(BA32=1600,"1600",IF(BA32<=1800,"1700～1800",IF(BA32<=2000,"1900～2000","2100以上")))))) -> ～1200 | BS32: =IF(A32="","",IF(AX32="G1","G1",IF(AX32="G2","G2",IF(AX32="G3","G3",IF(AX32="L","L","その他"))))) -> その他 | BT32: =IF(A32="","",IF(BI32="","未結合",IF(D32=BI32,"一致","不一致"))) -> 一致 | BU32: =IF(A32="","",IF(BE32="牝馬限定","牝馬限定","その他")) -> その他
A33: 46228 | B33: 札幌 | C33: 8 | D33: 12 | E33: 7 | F33: オンザムービー | G33: 74 | H33: 12 | I33: ピエナオルカ | J33: 50 | K33: 5 | L33: ジェネラスキング | M33: 37 | N33: =IF(A33="","",G33-J33) -> 24 | O33: =IF(A33="","",J33-M33) -> 13 | P33: =IF(A33="","",G33+J33) -> 124 | Q33: =IF(A33="","",IF(AND(Y33<>"参考",G33>=ルール設定!$B$2),"○","")) | R33: =IF(A33="","",IF(AND(Y33<>"参考",G33>=ルール設定!$B$3,N33>=ルール設定!$B$4),"○","")) | S33: =IF(A33="","",IF(AND(Y33<>"参考",G33>=ルール設定!$B$5,J33>=ルール設定!$B$6,O33>=ルール設定!$B$7),"○","")) | T33: 1 | U33: 4 | V33: =IF(A33="","",IF(AND(ISNUMBER(T33),ISNUMBER(U33)),IF(AND(T33<=3,U33<=3),"○","×"),"")) -> × | W33: 110 | Y33: 事後発見 | Z33: 同率は馬番順で上位3頭欄へ | AI33: 37 | AJ33: 70～74 | AK33: 20～29 | AL33: 30～39 | AM33: 120～139 | AN33: 12～14 | AO33: =IF(A33="","",IF(COUNTIFS(全馬データ!$A$2:$A$50000,A33,全馬データ!$B$2:$B$50000,B33,全馬データ!$C$2:$C$50000,C33,全馬データ!$D$2:$D$50000,E33,全馬データ!$K$2:$K$50000,"<>")=0,"",SUMIFS(全馬データ!$K$2:$K$50000,全馬データ!$A$2:$A$50000,A33,全馬データ!$B$2:$B$50000,B33,全馬データ!$C$2:$C$50000,C33,全馬データ!$D$2:$D$50000,E33))) | AP33: =IF(A33="","",IF(AO33="","欠損",IF(AO33<=1.1,"1.0～1.1",IF(AO33<1.3,"1.2",IF(AO33<1.5,"1.3～1.4",IF(AO33<2,"1.5～1.9","2.0以上")))))) -> 欠損 | AQ33: =IF(A33="","",IF(ISNUMBER(SEARCH("2歳",Z33)),"2歳戦",IF(ISNUMBER(SEARCH("3歳未勝利",Z33)),"3歳未勝利",IF(ISNUMBER(SEARCH("未勝利",Z33)),"その他未勝利",IF(ISNUMBER(SEARCH("G1",Z33)),"G1",IF(ISNUMBER(SEARCH("G2",Z33)),"G2",IF(ISNUMBER(SEARCH("G3",Z33)),"G3",IF(ISNUMBER(SEARCH("古馬条件",Z33)),"古馬条件戦",IF(ISNUMBER(SEARCH("重賞",Z33)),"重賞","分類不能"))))))))) -> 分類不能 | AS33: 13 | AT33: 3歳以上 | AU33: 05 | AV33: 1勝クラス | AY33: 2 | AZ33: ダート | BA33: 1700 | BB33: 11 | BC33: 良 | BD33: 002 | BE33: 指定なし | BF33: 0 | BG33: 4 | BH33: 定量 | BI33: 12 | BJ33: 1 | BK33: 右 | BL33: 1 | BM33: 通常(内) | BP33: 3 | BQ33: =IF(A33="","",AT33) -> 3歳以上 | BR33: =IF(A33="","",IF(BA33<=1200,"～1200",IF(BA33<=1500,"1300～1500",IF(BA33=1600,"1600",IF(BA33<=1800,"1700～1800",IF(BA33<=2000,"1900～2000","2100以上")))))) -> 1700～1800 | BS33: =IF(A33="","",IF(AX33="G1","G1",IF(AX33="G2","G2",IF(AX33="G3","G3",IF(AX33="L","L","その他"))))) -> その他 | BT33: =IF(A33="","",IF(BI33="","未結合",IF(D33=BI33,"一致","不一致"))) -> 一致 | BU33: =IF(A33="","",IF(BE33="牝馬限定","牝馬限定","その他")) -> その他
A34: 46228 | B34: 札幌 | C34: 9 | D34: 10 | E34: 4 | F34: ジェルブロア1 | G34: 74 | H34: 5 | I34: シニャンガ | J34: 52 | K34: 10 | L34: ナムラヒナギク | M34: 39 | N34: =IF(A34="","",G34-J34) -> 22 | O34: =IF(A34="","",J34-M34) -> 13 | P34: =IF(A34="","",G34+J34) -> 126 | Q34: =IF(A34="","",IF(AND(Y34<>"参考",G34>=ルール設定!$B$2),"○","")) | R34: =IF(A34="","",IF(AND(Y34<>"参考",G34>=ルール設定!$B$3,N34>=ルール設定!$B$4),"○","")) | S34: =IF(A34="","",IF(AND(Y34<>"参考",G34>=ルール設定!$B$5,J34>=ルール設定!$B$6,O34>=ルール設定!$B$7),"○","")) | T34: 4 | U34: 4 | V34: =IF(A34="","",IF(AND(ISNUMBER(T34),ISNUMBER(U34)),IF(AND(T34<=3,U34<=3),"○","×"),"")) -> × | Y34: 事後発見 | AI34: 35 | AJ34: 70～74 | AK34: 20～29 | AL34: 30～39 | AM34: 120～139 | AN34: 8～11 | AO34: =IF(A34="","",IF(COUNTIFS(全馬データ!$A$2:$A$50000,A34,全馬データ!$B$2:$B$50000,B34,全馬データ!$C$2:$C$50000,C34,全馬データ!$D$2:$D$50000,E34,全馬データ!$K$2:$K$50000,"<>")=0,"",SUMIFS(全馬データ!$K$2:$K$50000,全馬データ!$A$2:$A$50000,A34,全馬データ!$B$2:$B$50000,B34,全馬データ!$C$2:$C$50000,C34,全馬データ!$D$2:$D$50000,E34))) | AP34: =IF(A34="","",IF(AO34="","欠損",IF(AO34<=1.1,"1.0～1.1",IF(AO34<1.3,"1.2",IF(AO34<1.5,"1.3～1.4",IF(AO34<2,"1.5～1.9","2.0以上")))))) -> 欠損 | AQ34: =IF(A34="","",IF(ISNUMBER(SEARCH("2歳",Z34)),"2歳戦",IF(ISNUMBER(SEARCH("3歳未勝利",Z34)),"3歳未勝利",IF(ISNUMBER(SEARCH("未勝利",Z34)),"その他未勝利",IF(ISNUMBER(SEARCH("G1",Z34)),"G1",IF(ISNUMBER(SEARCH("G2",Z34)),"G2",IF(ISNUMBER(SEARCH("G3",Z34)),"G3",IF(ISNUMBER(SEARCH("古馬条件",Z34)),"古馬条件戦",IF(ISNUMBER(SEARCH("重賞",Z34)),"重賞","分類不能"))))))))) -> 分類不能 | AS34: 13 | AT34: 3歳以上 | AU34: 05 | AV34: 1勝クラス | AY34: 1 | AZ34: 芝 | BA34: 1800 | BB34: 11 | BC34: 良 | BD34: 022 | BE34: 牝馬限定 | BF34: 1 | BG34: 4 | BH34: 定量 | BI34: 10 | BJ34: 1 | BK34: 右 | BL34: 1 | BM34: 通常(内) | BN34: 1 | BO34: A | BP34: 3 | BQ34: =IF(A34="","",AT34) -> 3歳以上 | BR34: =IF(A34="","",IF(BA34<=1200,"～1200",IF(BA34<=1500,"1300～1500",IF(BA34=1600,"1600",IF(BA34<=1800,"1700～1800",IF(BA34<=2000,"1900～2000","2100以上")))))) -> 1700～1800 | BS34: =IF(A34="","",IF(AX34="G1","G1",IF(AX34="G2","G2",IF(AX34="G3","G3",IF(AX34="L","L","その他"))))) -> その他 | BT34: =IF(A34="","",IF(BI34="","未結合",IF(D34=BI34,"一致","不一致"))) -> 一致 | BU34: =IF(A34="","",IF(BE34="牝馬限定","牝馬限定","その他")) -> 牝馬限定
A35: 46228 | B35: 札幌 | C35: 10 | D35: 11 | E35: 9 | F35: バースライト | G35: 52 | H35: 6 | I35: アスクデッドヒート | J35: 50 | K35: 7 | L35: ジュンツバメガエシ | M35: 37 | N35: =IF(A35="","",G35-J35) -> 2 | O35: =IF(A35="","",J35-M35) -> 13 | P35: =IF(A35="","",G35+J35) -> 102 | Q35: =IF(A35="","",IF(AND(Y35<>"参考",G35>=ルール設定!$B$2),"○","")) | R35: =IF(A35="","",IF(AND(Y35<>"参考",G35>=ルール設定!$B$3,N35>=ルール設定!$B$4),"○","")) | S35: =IF(A35="","",IF(AND(Y35<>"参考",G35>=ルール設定!$B$5,J35>=ルール設定!$B$6,O35>=ルール設定!$B$7),"○","")) | T35: 4 | U35: 4 | V35: =IF(A35="","",IF(AND(ISNUMBER(T35),ISNUMBER(U35)),IF(AND(T35<=3,U35<=3),"○","×"),"")) -> × | Y35: 事後発見 | AI35: 15 | AJ35: ～59 | AK35: 0～4 | AL35: 10～19 | AM35: 100～119 | AN35: 8～11 | AO35: =IF(A35="","",IF(COUNTIFS(全馬データ!$A$2:$A$50000,A35,全馬データ!$B$2:$B$50000,B35,全馬データ!$C$2:$C$50000,C35,全馬データ!$D$2:$D$50000,E35,全馬データ!$K$2:$K$50000,"<>")=0,"",SUMIFS(全馬データ!$K$2:$K$50000,全馬データ!$A$2:$A$50000,A35,全馬データ!$B$2:$B$50000,B35,全馬データ!$C$2:$C$50000,C35,全馬データ!$D$2:$D$50000,E35))) | AP35: =IF(A35="","",IF(AO35="","欠損",IF(AO35<=1.1,"1.0～1.1",IF(AO35<1.3,"1.2",IF(AO35<1.5,"1.3～1.4",IF(AO35<2,"1.5～1.9","2.0以上")))))) -> 欠損 | AQ35: =IF(A35="","",IF(ISNUMBER(SEARCH("2歳",Z35)),"2歳戦",IF(ISNUMBER(SEARCH("3歳未勝利",Z35)),"3歳未勝利",IF(ISNUMBER(SEARCH("未勝利",Z35)),"その他未勝利",IF(ISNUMBER(SEARCH("G1",Z35)),"G1",IF(ISNUMBER(SEARCH("G2",Z35)),"G2",IF(ISNUMBER(SEARCH("G3",Z35)),"G3",IF(ISNUMBER(SEARCH("古馬条件",Z35)),"古馬条件戦",IF(ISNUMBER(SEARCH("重賞",Z35)),"重賞","分類不能"))))))))) -> 分類不能 | AR35: ライラック賞 | AS35: 13 | AT35: 3歳以上 | AU35: 10 | AV35: 2勝クラス | AW35: 5 | AX35: 特別 | AY35: 1 | AZ35: 芝 | BA35: 2600 | BB35: 11 | BC35: 良 | BD35: 103 | BE35: 指定なし | BF35: 0 | BG35: 4 | BH35: 定量 | BI35: 11 | BJ35: 1 | BK35: 右 | BL35: 1 | BM35: 通常(内) | BN35: 1 | BO35: A | BP35: 3 | BQ35: =IF(A35="","",AT35) -> 3歳以上 | BR35: =IF(A35="","",IF(BA35<=1200,"～1200",IF(BA35<=1500,"1300～1500",IF(BA35=1600,"1600",IF(BA35<=1800,"1700～1800",IF(BA35<=2000,"1900～2000","2100以上")))))) -> 2100以上 | BS35: =IF(A35="","",IF(AX35="G1","G1",IF(AX35="G2","G2",IF(AX35="G3","G3",IF(AX35="L","L","その他"))))) -> その他 | BT35: =IF(A35="","",IF(BI35="","未結合",IF(D35=BI35,"一致","不一致"))) -> 一致 | BU35: =IF(A35="","",IF(BE35="牝馬限定","牝馬限定","その他")) -> その他
A36: 46228 | B36: 札幌 | C36: 11 | D36: 12 | E36: 3 | F36: サウスバンク | G36: 60 | H36: 10 | I36: アスクケンタッキー | J36: 50 | K36: 2 | L36: シカゴスティング | M36: 37 | N36: =IF(A36="","",G36-J36) -> 10 | O36: =IF(A36="","",J36-M36) -> 13 | P36: =IF(A36="","",G36+J36) -> 110 | Q36: =IF(A36="","",IF(AND(Y36<>"参考",G36>=ルール設定!$B$2),"○","")) | R36: =IF(A36="","",IF(AND(Y36<>"参考",G36>=ルール設定!$B$3,N36>=ルール設定!$B$4),"○","")) | S36: =IF(A36="","",IF(AND(Y36<>"参考",G36>=ルール設定!$B$5,J36>=ルール設定!$B$6,O36>=ルール設定!$B$7),"○","")) | T36: 3 | U36: 4 | V36: =IF(A36="","",IF(AND(ISNUMBER(T36),ISNUMBER(U36)),IF(AND(T36<=3,U36<=3),"○","×"),"")) -> × | W36: 160 | Y36: 事後発見 | Z36: 同率は馬番順で上位3頭欄へ | AI36: 23 | AJ36: 60～69 | AK36: 10～19 | AL36: 20～29 | AM36: 100～119 | AN36: 12～14 | AO36: =IF(A36="","",IF(COUNTIFS(全馬データ!$A$2:$A$50000,A36,全馬データ!$B$2:$B$50000,B36,全馬データ!$C$2:$C$50000,C36,全馬データ!$D$2:$D$50000,E36,全馬データ!$K$2:$K$50000,"<>")=0,"",SUMIFS(全馬データ!$K$2:$K$50000,全馬データ!$A$2:$A$50000,A36,全馬データ!$B$2:$B$50000,B36,全馬データ!$C$2:$C$50000,C36,全馬データ!$D$2:$D$50000,E36))) | AP36: =IF(A36="","",IF(AO36="","欠損",IF(AO36<=1.1,"1.0～1.1",IF(AO36<1.3,"1.2",IF(AO36<1.5,"1.3～1.4",IF(AO36<2,"1.5～1.9","2.0以上")))))) -> 欠損 | AQ36: =IF(A36="","",IF(ISNUMBER(SEARCH("2歳",Z36)),"2歳戦",IF(ISNUMBER(SEARCH("3歳未勝利",Z36)),"3歳未勝利",IF(ISNUMBER(SEARCH("未勝利",Z36)),"その他未勝利",IF(ISNUMBER(SEARCH("G1",Z36)),"G1",IF(ISNUMBER(SEARCH("G2",Z36)),"G2",IF(ISNUMBER(SEARCH("G3",Z36)),"G3",IF(ISNUMBER(SEARCH("古馬条件",Z36)),"古馬条件戦",IF(ISNUMBER(SEARCH("重賞",Z36)),"重賞","分類不能"))))))))) -> 分類不能 | AR36: ＴＶｈ賞 | AS36: 13 | AT36: 3歳以上 | AU36: 16 | AV36: 3勝クラス | AW36: 5 | AX36: 特別 | AY36: 1 | AZ36: 芝 | BA36: 1200 | BB36: 11 | BC36: 良 | BD36: 103 | BE36: 指定なし | BF36: 0 | BG36: 4 | BH36: 定量 | BI36: 12 | BJ36: 1 | BK36: 右 | BL36: 1 | BM36: 通常(内) | BN36: 1 | BO36: A | BP36: 3 | BQ36: =IF(A36="","",AT36) -> 3歳以上 | BR36: =IF(A36="","",IF(BA36<=1200,"～1200",IF(BA36<=1500,"1300～1500",IF(BA36=1600,"1600",IF(BA36<=1800,"1700～1800",IF(BA36<=2000,"1900～2000","2100以上")))))) -> ～1200 | BS36: =IF(A36="","",IF(AX36="G1","G1",IF(AX36="G2","G2",IF(AX36="G3","G3",IF(AX36="L","L","その他"))))) -> その他 | BT36: =IF(A36="","",IF(BI36="","未結合",IF(D36=BI36,"一致","不一致"))) -> 一致 | BU36: =IF(A36="","",IF(BE36="牝馬限定","牝馬限定","その他")) -> その他
A37: 46228 | B37: 札幌 | C37: 12 | D37: 11 | E37: 8 | F37: ベラジオワールド | G37: 71 | H37: 5 | I37: セボンサデッセ | J37: 52 | K37: 9 | L37: ライフゲート | M37: 47 | N37: =IF(A37="","",G37-J37) -> 19 | O37: =IF(A37="","",J37-M37) -> 5 | P37: =IF(A37="","",G37+J37) -> 123 | Q37: =IF(A37="","",IF(AND(Y37<>"参考",G37>=ルール設定!$B$2),"○","")) | R37: =IF(A37="","",IF(AND(Y37<>"参考",G37>=ルール設定!$B$3,N37>=ルール設定!$B$4),"○","")) | S37: =IF(A37="","",IF(AND(Y37<>"参考",G37>=ルール設定!$B$5,J37>=ルール設定!$B$6,O37>=ルール設定!$B$7),"○","")) | T37: 3 | U37: 1 | V37: =IF(A37="","",IF(AND(ISNUMBER(T37),ISNUMBER(U37)),IF(AND(T37<=3,U37<=3),"○","×"),"")) -> ○ | W37: 110 | X37: 180 | Y37: 事後発見 | AI37: 24 | AJ37: 70～74 | AK37: 10～19 | AL37: 20～29 | AM37: 120～139 | AN37: 8～11 | AO37: =IF(A37="","",IF(COUNTIFS(全馬データ!$A$2:$A$50000,A37,全馬データ!$B$2:$B$50000,B37,全馬データ!$C$2:$C$50000,C37,全馬データ!$D$2:$D$50000,E37,全馬データ!$K$2:$K$50000,"<>")=0,"",SUMIFS(全馬データ!$K$2:$K$50000,全馬データ!$A$2:$A$50000,A37,全馬データ!$B$2:$B$50000,B37,全馬データ!$C$2:$C$50000,C37,全馬データ!$D$2:$D$50000,E37))) | AP37: =IF(A37="","",IF(AO37="","欠損",IF(AO37<=1.1,"1.0～1.1",IF(AO37<1.3,"1.2",IF(AO37<1.5,"1.3～1.4",IF(AO37<2,"1.5～1.9","2.0以上")))))) -> 欠損 | AQ37: =IF(A37="","",IF(ISNUMBER(SEARCH("2歳",Z37)),"2歳戦",IF(ISNUMBER(SEARCH("3歳未勝利",Z37)),"3歳未勝利",IF(ISNUMBER(SEARCH("未勝利",Z37)),"その他未勝利",IF(ISNUMBER(SEARCH("G1",Z37)),"G1",IF(ISNUMBER(SEARCH("G2",Z37)),"G2",IF(ISNUMBER(SEARCH("G3",Z37)),"G3",IF(ISNUMBER(SEARCH("古馬条件",Z37)),"古馬条件戦",IF(ISNUMBER(SEARCH("重賞",Z37)),"重賞","分類不能"))))))))) -> 分類不能 | AR37: 桑園特別 | AS37: 13 | AT37: 3歳以上 | AU37: 10 | AV37: 2勝クラス | AW37: 5 | AX37: 特別 | AY37: 2 | AZ37: ダート | BA37: 1700 | BB37: 11 | BC37: 良 | BD37: 103 | BE37: 指定なし | BF37: 0 | BG37: 4 | BH37: 定量 | BI37: 11 | BJ37: 1 | BK37: 右 | BL37: 1 | BM37: 通常(内) | BP37: 3 | BQ37: =IF(A37="","",AT37) -> 3歳以上 | BR37: =IF(A37="","",IF(BA37<=1200,"～1200",IF(BA37<=1500,"1300～1500",IF(BA37=1600,"1600",IF(BA37<=1800,"1700～1800",IF(BA37<=2000,"1900～2000","2100以上")))))) -> 1700～1800 | BS37: =IF(A37="","",IF(AX37="G1","G1",IF(AX37="G2","G2",IF(AX37="G3","G3",IF(AX37="L","L","その他"))))) -> その他 | BT37: =IF(A37="","",IF(BI37="","未結合",IF(D37=BI37,"一致","不一致"))) -> 一致 | BU37: =IF(A37="","",IF(BE37="牝馬限定","牝馬限定","その他")) -> その他
A38: 46229 | B38: 新潟 | C38: 1 | D38: 11 | E38: 4 | F38: ブラックミューズ | G38: 81 | H38: 7 | I38: リリカルフレア | J38: 67 | K38: 5 | L38: アテナブレイブ | M38: 29 | N38: =IF(A38="","",G38-J38) -> 14 | O38: =IF(A38="","",J38-M38) -> 38 | P38: =IF(A38="","",G38+J38) -> 148 | Q38: =IF(A38="","",IF(AND(Y38<>"参考",G38>=ルール設定!$B$2),"○","")) -> ○ | R38: =IF(A38="","",IF(AND(Y38<>"参考",G38>=ルール設定!$B$3,N38>=ルール設定!$B$4),"○","")) | S38: =IF(A38="","",IF(AND(Y38<>"参考",G38>=ルール設定!$B$5,J38>=ルール設定!$B$6,O38>=ルール設定!$B$7),"○","")) -> ○ | T38: 3 | U38: 1 | V38: =IF(A38="","",IF(AND(ISNUMBER(T38),ISNUMBER(U38)),IF(AND(T38<=3,U38<=3),"○","×"),"")) -> ○ | W38: 110 | X38: 130 | Y38: 事後発見 | Z38: 同率は馬番順で上位3頭欄へ | AB38: ○ | AC38: ○ | AF38: ○ | AG38: ○ | AI38: 52 | AJ38: 80～84 | AK38: 10～19 | AL38: 40以上 | AM38: 140～159 | AN38: 8～11 | AO38: =IF(A38="","",IF(COUNTIFS(全馬データ!$A$2:$A$50000,A38,全馬データ!$B$2:$B$50000,B38,全馬データ!$C$2:$C$50000,C38,全馬データ!$D$2:$D$50000,E38,全馬データ!$K$2:$K$50000,"<>")=0,"",SUMIFS(全馬データ!$K$2:$K$50000,全馬データ!$A$2:$A$50000,A38,全馬データ!$B$2:$B$50000,B38,全馬データ!$C$2:$C$50000,C38,全馬データ!$D$2:$D$50000,E38))) -> 1.1 | AP38: =IF(A38="","",IF(AO38="","欠損",IF(AO38<=1.1,"1.0～1.1",IF(AO38<1.3,"1.2",IF(AO38<1.5,"1.3～1.4",IF(AO38<2,"1.5～1.9","2.0以上")))))) -> 1.0～1.1 | AQ38: =IF(A38="","",IF(ISNUMBER(SEARCH("2歳",Z38)),"2歳戦",IF(ISNUMBER(SEARCH("3歳未勝利",Z38)),"3歳未勝利",IF(ISNUMBER(SEARCH("未勝利",Z38)),"その他未勝利",IF(ISNUMBER(SEARCH("G1",Z38)),"G1",IF(ISNUMBER(SEARCH("G2",Z38)),"G2",IF(ISNUMBER(SEARCH("G3",Z38)),"G3",IF(ISNUMBER(SEARCH("古馬条件",Z38)),"古馬条件戦",IF(ISNUMBER(SEARCH("重賞",Z38)),"重賞","分類不能"))))))))) -> 分類不能 | AS38: 11 | AT38: 2歳 | AU38: A3 | AV38: 未勝利 | AY38: 1 | AZ38: 芝 | BA38: 1400 | BB38: 11 | BC38: 良 | BD38: 022 | BE38: 牝馬限定 | BF38: 1 | BG38: 3 | BH38: 馬齢 | BI38: 11 | BJ38: 2 | BK38: 左 | BL38: 1 | BM38: 通常(内) | BN38: 1 | BO38: A | BP38: 1 | BQ38: =IF(A38="","",AT38) -> 2歳 | BR38: =IF(A38="","",IF(BA38<=1200,"～1200",IF(BA38<=1500,"1300～1500",IF(BA38=1600,"1600",IF(BA38<=1800,"1700～1800",IF(BA38<=2000,"1900～2000","2100以上")))))) -> 1300～1500 | BS38: =IF(A38="","",IF(AX38="G1","G1",IF(AX38="G2","G2",IF(AX38="G3","G3",IF(AX38="L","L","その他"))))) -> その他 | BT38: =IF(A38="","",IF(BI38="","未結合",IF(D38=BI38,"一致","不一致"))) -> 一致 | BU38: =IF(A38="","",IF(BE38="牝馬限定","牝馬限定","その他")) -> 牝馬限定
A39: 46229 | B39: 新潟 | C39: 2 | D39: 9 | E39: 3 | F39: ダノンダックス | G39: 31 | H39: 9 | I39: ドミナートル | J39: 31 | K39: 1 | L39: ミクニルミナス | M39: 27 | N39: =IF(A39="","",G39-J39) -> 0 | O39: =IF(A39="","",J39-M39) -> 4 | P39: =IF(A39="","",G39+J39) -> 62 | Q39: =IF(A39="","",IF(AND(Y39<>"参考",G39>=ルール設定!$B$2),"○","")) | R39: =IF(A39="","",IF(AND(Y39<>"参考",G39>=ルール設定!$B$3,N39>=ルール設定!$B$4),"○","")) | S39: =IF(A39="","",IF(AND(Y39<>"参考",G39>=ルール設定!$B$5,J39>=ルール設定!$B$6,O39>=ルール設定!$B$7),"○","")) | T39: 2 | U39: 4 | V39: =IF(A39="","",IF(AND(ISNUMBER(T39),ISNUMBER(U39)),IF(AND(T39<=3,U39<=3),"○","×"),"")) -> × | W39: 100 | Y39: 事後発見 | Z39: 同率は馬番順で上位3頭欄へ | AI39: 4 | AJ39: ～59 | AK39: 0～4 | AL39: 0～9 | AM39: ～99 | AN39: 8～11 | AO39: =IF(A39="","",IF(COUNTIFS(全馬データ!$A$2:$A$50000,A39,全馬データ!$B$2:$B$50000,B39,全馬データ!$C$2:$C$50000,C39,全馬データ!$D$2:$D$50000,E39,全馬データ!$K$2:$K$50000,"<>")=0,"",SUMIFS(全馬データ!$K$2:$K$50000,全馬データ!$A$2:$A$50000,A39,全馬データ!$B$2:$B$50000,B39,全馬データ!$C$2:$C$50000,C39,全馬データ!$D$2:$D$50000,E39))) | AP39: =IF(A39="","",IF(AO39="","欠損",IF(AO39<=1.1,"1.0～1.1",IF(AO39<1.3,"1.2",IF(AO39<1.5,"1.3～1.4",IF(AO39<2,"1.5～1.9","2.0以上")))))) -> 欠損 | AQ39: =IF(A39="","",IF(ISNUMBER(SEARCH("2歳",Z39)),"2歳戦",IF(ISNUMBER(SEARCH("3歳未勝利",Z39)),"3歳未勝利",IF(ISNUMBER(SEARCH("未勝利",Z39)),"その他未勝利",IF(ISNUMBER(SEARCH("G1",Z39)),"G1",IF(ISNUMBER(SEARCH("G2",Z39)),"G2",IF(ISNUMBER(SEARCH("G3",Z39)),"G3",IF(ISNUMBER(SEARCH("古馬条件",Z39)),"古馬条件戦",IF(ISNUMBER(SEARCH("重賞",Z39)),"重賞","分類不能"))))))))) -> 分類不能 | AS39: 11 | AT39: 2歳 | AU39: A1 | AV39: 新馬 | AY39: 1 | AZ39: 芝 | BA39: 1600 | BB39: 11 | BC39: 良 | BD39: 102 | BE39: 指定なし | BF39: 0 | BG39: 3 | BH39: 馬齢 | BI39: 9 | BJ39: 2 | BK39: 左 | BL39: 2 | BM39: 外 | BN39: 1 | BO39: A | BP39: 1 | BQ39: =IF(A39="","",AT39) -> 2歳 | BR39: =IF(A39="","",IF(BA39<=1200,"～1200",IF(BA39<=1500,"1300～1500",IF(BA39=1600,"1600",IF(BA39<=1800,"1700～1800",IF(BA39<=2000,"1900～2000","2100以上")))))) -> 1600 | BS39: =IF(A39="","",IF(AX39="G1","G1",IF(AX39="G2","G2",IF(AX39="G3","G3",IF(AX39="L","L","その他"))))) -> その他 | BT39: =IF(A39="","",IF(BI39="","未結合",IF(D39=BI39,"一致","不一致"))) -> 一致 | BU39: =IF(A39="","",IF(BE39="牝馬限定","牝馬限定","その他")) -> その他
A40: 46229 | B40: 新潟 | C40: 3 | D40: 15 | E40: 8 | F40: ミスタートントン | G40: 62 | H40: 11 | I40: ミエスタ | J40: 50 | K40: 7 | L40: スピニンググローブ | M40: 44 | N40: =IF(A40="","",G40-J40) -> 12 | O40: =IF(A40="","",J40-M40) -> 6 | P40: =IF(A40="","",G40+J40) -> 112 | Q40: =IF(A40="","",IF(AND(Y40<>"参考",G40>=ルール設定!$B$2),"○","")) | R40: =IF(A40="","",IF(AND(Y40<>"参考",G40>=ルール設定!$B$3,N40>=ルール設定!$B$4),"○","")) | S40: =IF(A40="","",IF(AND(Y40<>"参考",G40>=ルール設定!$B$5,J40>=ルール設定!$B$6,O40>=ルール設定!$B$7),"○","")) | T40: 4 | U40: 4 | V40: =IF(A40="","",IF(AND(ISNUMBER(T40),ISNUMBER(U40)),IF(AND(T40<=3,U40<=3),"○","×"),"")) -> × | Y40: 事後発見 | AI40: 18 | AJ40: 60～69 | AK40: 10～19 | AL40: 10～19 | AM40: 100～119 | AN40: 15以上 | AO40: =IF(A40="","",IF(COUNTIFS(全馬データ!$A$2:$A$50000,A40,全馬データ!$B$2:$B$50000,B40,全馬データ!$C$2:$C$50000,C40,全馬データ!$D$2:$D$50000,E40,全馬データ!$K$2:$K$50000,"<>")=0,"",SUMIFS(全馬データ!$K$2:$K$50000,全馬データ!$A$2:$A$50000,A40,全馬データ!$B$2:$B$50000,B40,全馬データ!$C$2:$C$50000,C40,全馬データ!$D$2:$D$50000,E40))) | AP40: =IF(A40="","",IF(AO40="","欠損",IF(AO40<=1.1,"1.0～1.1",IF(AO40<1.3,"1.2",IF(AO40<1.5,"1.3～1.4",IF(AO40<2,"1.5～1.9","2.0以上")))))) -> 欠損 | AQ40: =IF(A40="","",IF(ISNUMBER(SEARCH("2歳",Z40)),"2歳戦",IF(ISNUMBER(SEARCH("3歳未勝利",Z40)),"3歳未勝利",IF(ISNUMBER(SEARCH("未勝利",Z40)),"その他未勝利",IF(ISNUMBER(SEARCH("G1",Z40)),"G1",IF(ISNUMBER(SEARCH("G2",Z40)),"G2",IF(ISNUMBER(SEARCH("G3",Z40)),"G3",IF(ISNUMBER(SEARCH("古馬条件",Z40)),"古馬条件戦",IF(ISNUMBER(SEARCH("重賞",Z40)),"重賞","分類不能"))))))))) -> 分類不能 | AS40: 12 | AT40: 3歳 | AU40: A3 | AV40: 未勝利 | AY40: 2 | AZ40: ダート | BA40: 1200 | BB40: 30 | BC40: 重 | BD40: 102 | BE40: 指定なし | BF40: 0 | BG40: 3 | BH40: 馬齢 | BI40: 15 | BJ40: 2 | BK40: 左 | BL40: 1 | BM40: 通常(内) | BP40: 1 | BQ40: =IF(A40="","",AT40) -> 3歳 | BR40: =IF(A40="","",IF(BA40<=1200,"～1200",IF(BA40<=1500,"1300～1500",IF(BA40=1600,"1600",IF(BA40<=1800,"1700～1800",IF(BA40<=2000,"1900～2000","2100以上")))))) -> ～1200 | BS40: =IF(A40="","",IF(AX40="G1","G1",IF(AX40="G2","G2",IF(AX40="G3","G3",IF(AX40="L","L","その他"))))) -> その他 | BT40: =IF(A40="","",IF(BI40="","未結合",IF(D40=BI40,"一致","不一致"))) -> 一致 | BU40: =IF(A40="","",IF(BE40="牝馬限定","牝馬限定","その他")) -> その他
A41: 46229 | B41: 新潟 | C41: 4 | D41: 18 | E41: 14 | F41: ココナッツコースト | G41: 67 | H41: 2 | I41: シルフィー | J41: 37 | K41: 8 | L41: ルモンテ | M41: 37 | N41: =IF(A41="","",G41-J41) -> 30 | O41: =IF(A41="","",J41-M41) -> 0 | P41: =IF(A41="","",G41+J41) -> 104 | Q41: =IF(A41="","",IF(AND(Y41<>"参考",G41>=ルール設定!$B$2),"○","")) | R41: =IF(A41="","",IF(AND(Y41<>"参考",G41>=ルール設定!$B$3,N41>=ルール設定!$B$4),"○","")) | S41: =IF(A41="","",IF(AND(Y41<>"参考",G41>=ルール設定!$B$5,J41>=ルール設定!$B$6,O41>=ルール設定!$B$7),"○","")) | T41: 4 | U41: 4 | V41: =IF(A41="","",IF(AND(ISNUMBER(T41),ISNUMBER(U41)),IF(AND(T41<=3,U41<=3),"○","×"),"")) -> × | Y41: 事後発見 | Z41: 同率は馬番順で上位3頭欄へ | AI41: 30 | AJ41: 60～69 | AK41: 30以上 | AL41: 30～39 | AM41: 100～119 | AN41: 15以上 | AO41: =IF(A41="","",IF(COUNTIFS(全馬データ!$A$2:$A$50000,A41,全馬データ!$B$2:$B$50000,B41,全馬データ!$C$2:$C$50000,C41,全馬データ!$D$2:$D$50000,E41,全馬データ!$K$2:$K$50000,"<>")=0,"",SUMIFS(全馬データ!$K$2:$K$50000,全馬データ!$A$2:$A$50000,A41,全馬データ!$B$2:$B$50000,B41,全馬データ!$C$2:$C$50000,C41,全馬データ!$D$2:$D$50000,E41))) | AP41: =IF(A41="","",IF(AO41="","欠損",IF(AO41<=1.1,"1.0～1.1",IF(AO41<1.3,"1.2",IF(AO41<1.5,"1.3～1.4",IF(AO41<2,"1.5～1.9","2.0以上")))))) -> 欠損 | AQ41: =IF(A41="","",IF(ISNUMBER(SEARCH("2歳",Z41)),"2歳戦",IF(ISNUMBER(SEARCH("3歳未勝利",Z41)),"3歳未勝利",IF(ISNUMBER(SEARCH("未勝利",Z41)),"その他未勝利",IF(ISNUMBER(SEARCH("G1",Z41)),"G1",IF(ISNUMBER(SEARCH("G2",Z41)),"G2",IF(ISNUMBER(SEARCH("G3",Z41)),"G3",IF(ISNUMBER(SEARCH("古馬条件",Z41)),"古馬条件戦",IF(ISNUMBER(SEARCH("重賞",Z41)),"重賞","分類不能"))))))))) -> 分類不能 | AS41: 12 | AT41: 3歳 | AU41: A3 | AV41: 未勝利 | AY41: 1 | AZ41: 芝 | BA41: 1600 | BB41: 21 | BC41: 稍重 | BD41: 102 | BE41: 指定なし | BF41: 0 | BG41: 3 | BH41: 馬齢 | BI41: 18 | BJ41: 2 | BK41: 左 | BL41: 2 | BM41: 外 | BN41: 1 | BO41: A | BP41: 1 | BQ41: =IF(A41="","",AT41) -> 3歳 | BR41: =IF(A41="","",IF(BA41<=1200,"～1200",IF(BA41<=1500,"1300～1500",IF(BA41=1600,"1600",IF(BA41<=1800,"1700～1800",IF(BA41<=2000,"1900～2000","2100以上")))))) -> 1600 | BS41: =IF(A41="","",IF(AX41="G1","G1",IF(AX41="G2","G2",IF(AX41="G3","G3",IF(AX41="L","L","その他"))))) -> その他 | BT41: =IF(A41="","",IF(BI41="","未結合",IF(D41=BI41,"一致","不一致"))) -> 一致 | BU41: =IF(A41="","",IF(BE41="牝馬限定","牝馬限定","その他")) -> その他
A42: 46229 | B42: 新潟 | C42: 5 | D42: 15 | E42: 14 | F42: ショウナンタハティ | G42: 65 | H42: 8 | I42: ラテラルパーム | J42: 47 | K42: 10 | L42: アンバサダネージュ | M42: 41 | N42: =IF(A42="","",G42-J42) -> 18 | O42: =IF(A42="","",J42-M42) -> 6 | P42: =IF(A42="","",G42+J42) -> 112 | Q42: =IF(A42="","",IF(AND(Y42<>"参考",G42>=ルール設定!$B$2),"○","")) | R42: =IF(A42="","",IF(AND(Y42<>"参考",G42>=ルール設定!$B$3,N42>=ルール設定!$B$4),"○","")) | S42: =IF(A42="","",IF(AND(Y42<>"参考",G42>=ルール設定!$B$5,J42>=ルール設定!$B$6,O42>=ルール設定!$B$7),"○","")) | T42: 3 | U42: 4 | V42: =IF(A42="","",IF(AND(ISNUMBER(T42),ISNUMBER(U42)),IF(AND(T42<=3,U42<=3),"○","×"),"")) -> × | W42: 160 | Y42: 事後発見 | AI42: 24 | AJ42: 60～69 | AK42: 10～19 | AL42: 20～29 | AM42: 100～119 | AN42: 15以上 | AO42: =IF(A42="","",IF(COUNTIFS(全馬データ!$A$2:$A$50000,A42,全馬データ!$B$2:$B$50000,B42,全馬データ!$C$2:$C$50000,C42,全馬データ!$D$2:$D$50000,E42,全馬データ!$K$2:$K$50000,"<>")=0,"",SUMIFS(全馬データ!$K$2:$K$50000,全馬データ!$A$2:$A$50000,A42,全馬データ!$B$2:$B$50000,B42,全馬データ!$C$2:$C$50000,C42,全馬データ!$D$2:$D$50000,E42))) | AP42: =IF(A42="","",IF(AO42="","欠損",IF(AO42<=1.1,"1.0～1.1",IF(AO42<1.3,"1.2",IF(AO42<1.5,"1.3～1.4",IF(AO42<2,"1.5～1.9","2.0以上")))))) -> 欠損 | AQ42: =IF(A42="","",IF(ISNUMBER(SEARCH("2歳",Z42)),"2歳戦",IF(ISNUMBER(SEARCH("3歳未勝利",Z42)),"3歳未勝利",IF(ISNUMBER(SEARCH("未勝利",Z42)),"その他未勝利",IF(ISNUMBER(SEARCH("G1",Z42)),"G1",IF(ISNUMBER(SEARCH("G2",Z42)),"G2",IF(ISNUMBER(SEARCH("G3",Z42)),"G3",IF(ISNUMBER(SEARCH("古馬条件",Z42)),"古馬条件戦",IF(ISNUMBER(SEARCH("重賞",Z42)),"重賞","分類不能"))))))))) -> 分類不能 | AS42: 13 | AT42: 3歳以上 | AU42: 05 | AV42: 1勝クラス | AY42: 2 | AZ42: ダート | BA42: 1200 | BB42: 30 | BC42: 重 | BD42: 002 | BE42: 指定なし | BF42: 0 | BG42: 4 | BH42: 定量 | BI42: 15 | BJ42: 2 | BK42: 左 | BL42: 1 | BM42: 通常(内) | BP42: 1 | BQ42: =IF(A42="","",AT42) -> 3歳以上 | BR42: =IF(A42="","",IF(BA42<=1200,"～1200",IF(BA42<=1500,"1300～1500",IF(BA42=1600,"1600",IF(BA42<=1800,"1700～1800",IF(BA42<=2000,"1900～2000","2100以上")))))) -> ～1200 | BS42: =IF(A42="","",IF(AX42="G1","G1",IF(AX42="G2","G2",IF(AX42="G3","G3",IF(AX42="L","L","その他"))))) -> その他 | BT42: =IF(A42="","",IF(BI42="","未結合",IF(D42=BI42,"一致","不一致"))) -> 一致 | BU42: =IF(A42="","",IF(BE42="牝馬限定","牝馬限定","その他")) -> その他
A43: 46229 | B43: 新潟 | C43: 6 | D43: 11 | E43: 1 | F43: モリノセピア | G43: 56 | H43: 8 | I43: ラヴオントップ | J43: 39 | K43: 2 | L43: サマースイートピー | M43: 37 | N43: =IF(A43="","",G43-J43) -> 17 | O43: =IF(A43="","",J43-M43) -> 2 | P43: =IF(A43="","",G43+J43) -> 95 | Q43: =IF(A43="","",IF(AND(Y43<>"参考",G43>=ルール設定!$B$2),"○","")) | R43: =IF(A43="","",IF(AND(Y43<>"参考",G43>=ルール設定!$B$3,N43>=ルール設定!$B$4),"○","")) | S43: =IF(A43="","",IF(AND(Y43<>"参考",G43>=ルール設定!$B$5,J43>=ルール設定!$B$6,O43>=ルール設定!$B$7),"○","")) | T43: 4 | U43: 4 | V43: =IF(A43="","",IF(AND(ISNUMBER(T43),ISNUMBER(U43)),IF(AND(T43<=3,U43<=3),"○","×"),"")) -> × | Y43: 事後発見 | Z43: 同率は馬番順で上位3頭欄へ | AI43: 19 | AJ43: ～59 | AK43: 10～19 | AL43: 10～19 | AM43: ～99 | AN43: 8～11 | AO43: =IF(A43="","",IF(COUNTIFS(全馬データ!$A$2:$A$50000,A43,全馬データ!$B$2:$B$50000,B43,全馬データ!$C$2:$C$50000,C43,全馬データ!$D$2:$D$50000,E43,全馬データ!$K$2:$K$50000,"<>")=0,"",SUMIFS(全馬データ!$K$2:$K$50000,全馬データ!$A$2:$A$50000,A43,全馬データ!$B$2:$B$50000,B43,全馬データ!$C$2:$C$50000,C43,全馬データ!$D$2:$D$50000,E43))) | AP43: =IF(A43="","",IF(AO43="","欠損",IF(AO43<=1.1,"1.0～1.1",IF(AO43<1.3,"1.2",IF(AO43<1.5,"1.3～1.4",IF(AO43<2,"1.5～1.9","2.0以上")))))) -> 欠損 | AQ43: =IF(A43="","",IF(ISNUMBER(SEARCH("2歳",Z43)),"2歳戦",IF(ISNUMBER(SEARCH("3歳未勝利",Z43)),"3歳未勝利",IF(ISNUMBER(SEARCH("未勝利",Z43)),"その他未勝利",IF(ISNUMBER(SEARCH("G1",Z43)),"G1",IF(ISNUMBER(SEARCH("G2",Z43)),"G2",IF(ISNUMBER(SEARCH("G3",Z43)),"G3",IF(ISNUMBER(SEARCH("古馬条件",Z43)),"古馬条件戦",IF(ISNUMBER(SEARCH("重賞",Z43)),"重賞","分類不能"))))))))) -> 分類不能 | AR43: 出雲崎特別 | AS43: 13 | AT43: 3歳以上 | AU43: 10 | AV43: 2勝クラス | AW43: 5 | AX43: 特別 | AY43: 2 | AZ43: ダート | BA43: 1200 | BB43: 42 | BC43: 不良 | BD43: 002 | BE43: 指定なし | BF43: 0 | BG43: 4 | BH43: 定量 | BI43: 11 | BJ43: 2 | BK43: 左 | BL43: 1 | BM43: 通常(内) | BP43: 1 | BQ43: =IF(A43="","",AT43) -> 3歳以上 | BR43: =IF(A43="","",IF(BA43<=1200,"～1200",IF(BA43<=1500,"1300～1500",IF(BA43=1600,"1600",IF(BA43<=1800,"1700～1800",IF(BA43<=2000,"1900～2000","2100以上")))))) -> ～1200 | BS43: =IF(A43="","",IF(AX43="G1","G1",IF(AX43="G2","G2",IF(AX43="G3","G3",IF(AX43="L","L","その他"))))) -> その他 | BT43: =IF(A43="","",IF(BI43="","未結合",IF(D43=BI43,"一致","不一致"))) -> 一致 | BU43: =IF(A43="","",IF(BE43="牝馬限定","牝馬限定","その他")) -> その他
A44: 46229 | B44: 新潟 | C44: 7 | D44: 14 | E44: 1 | F44: ファーヴェント | G44: 47 | H44: 7 | I44: エルトンバローズ | J44: 47 | K44: 3 | L44: アンパドゥ | M44: 39 | N44: =IF(A44="","",G44-J44) -> 0 | O44: =IF(A44="","",J44-M44) -> 8 | P44: =IF(A44="","",G44+J44) -> 94 | Q44: =IF(A44="","",IF(AND(Y44<>"参考",G44>=ルール設定!$B$2),"○","")) | R44: =IF(A44="","",IF(AND(Y44<>"参考",G44>=ルール設定!$B$3,N44>=ルール設定!$B$4),"○","")) | S44: =IF(A44="","",IF(AND(Y44<>"参考",G44>=ルール設定!$B$5,J44>=ルール設定!$B$6,O44>=ルール設定!$B$7),"○","")) | T44: 3 | U44: 4 | V44: =IF(A44="","",IF(AND(ISNUMBER(T44),ISNUMBER(U44)),IF(AND(T44<=3,U44<=3),"○","×"),"")) -> × | W44: 300 | Y44: 事後発見 | Z44: 同率は馬番順で上位3頭欄へ | AI44: 8 | AJ44: ～59 | AK44: 0～4 | AL44: 0～9 | AM44: ～99 | AN44: 12～14 | AO44: =IF(A44="","",IF(COUNTIFS(全馬データ!$A$2:$A$50000,A44,全馬データ!$B$2:$B$50000,B44,全馬データ!$C$2:$C$50000,C44,全馬データ!$D$2:$D$50000,E44,全馬データ!$K$2:$K$50000,"<>")=0,"",SUMIFS(全馬データ!$K$2:$K$50000,全馬データ!$A$2:$A$50000,A44,全馬データ!$B$2:$B$50000,B44,全馬データ!$C$2:$C$50000,C44,全馬データ!$D$2:$D$50000,E44))) | AP44: =IF(A44="","",IF(AO44="","欠損",IF(AO44<=1.1,"1.0～1.1",IF(AO44<1.3,"1.2",IF(AO44<1.5,"1.3～1.4",IF(AO44<2,"1.5～1.9","2.0以上")))))) -> 欠損 | AQ44: =IF(A44="","",IF(ISNUMBER(SEARCH("2歳",Z44)),"2歳戦",IF(ISNUMBER(SEARCH("3歳未勝利",Z44)),"3歳未勝利",IF(ISNUMBER(SEARCH("未勝利",Z44)),"その他未勝利",IF(ISNUMBER(SEARCH("G1",Z44)),"G1",IF(ISNUMBER(SEARCH("G2",Z44)),"G2",IF(ISNUMBER(SEARCH("G3",Z44)),"G3",IF(ISNUMBER(SEARCH("古馬条件",Z44)),"古馬条件戦",IF(ISNUMBER(SEARCH("重賞",Z44)),"重賞","分類不能"))))))))) -> 分類不能 | AR44: 関屋記念 | AS44: 13 | AT44: 3歳以上 | AU44: OP | AV44: オープン | AW44: 3 | AX44: G3 | AY44: 1 | AZ44: 芝 | BA44: 1600 | BB44: 41 | BC44: 不良 | BD44: 503 | BE44: 指定なし | BF44: 0 | BG44: 1 | BH44: ハンデ | BI44: 14 | BJ44: 2 | BK44: 左 | BL44: 2 | BM44: 外 | BN44: 1 | BO44: A | BP44: 1 | BQ44: =IF(A44="","",AT44) -> 3歳以上 | BR44: =IF(A44="","",IF(BA44<=1200,"～1200",IF(BA44<=1500,"1300～1500",IF(BA44=1600,"1600",IF(BA44<=1800,"1700～1800",IF(BA44<=2000,"1900～2000","2100以上")))))) -> 1600 | BS44: =IF(A44="","",IF(AX44="G1","G1",IF(AX44="G2","G2",IF(AX44="G3","G3",IF(AX44="L","L","その他"))))) -> G3 | BT44: =IF(A44="","",IF(BI44="","未結合",IF(D44=BI44,"一致","不一致"))) -> 一致 | BU44: =IF(A44="","",IF(BE44="牝馬限定","牝馬限定","その他")) -> その他
A45: 46229 | B45: 新潟 | C45: 8 | D45: 15 | E45: 1 | F45: コンアフェットmm | G45: 52 | H45: 11 | I45: パイシャオピン | J45: 41 | K45: 3 | L45: ヴァンアグレアブル | M45: 39 | N45: =IF(A45="","",G45-J45) -> 11 | O45: =IF(A45="","",J45-M45) -> 2 | P45: =IF(A45="","",G45+J45) -> 93 | Q45: =IF(A45="","",IF(AND(Y45<>"参考",G45>=ルール設定!$B$2),"○","")) | R45: =IF(A45="","",IF(AND(Y45<>"参考",G45>=ルール設定!$B$3,N45>=ルール設定!$B$4),"○","")) | S45: =IF(A45="","",IF(AND(Y45<>"参考",G45>=ルール設定!$B$5,J45>=ルール設定!$B$6,O45>=ルール設定!$B$7),"○","")) | T45: 4 | U45: 4 | V45: =IF(A45="","",IF(AND(ISNUMBER(T45),ISNUMBER(U45)),IF(AND(T45<=3,U45<=3),"○","×"),"")) -> × | Y45: 事後発見 | Z45: 同率は馬番順で上位3頭欄へ | AI45: 13 | AJ45: ～59 | AK45: 10～19 | AL45: 10～19 | AM45: ～99 | AN45: 15以上 | AO45: =IF(A45="","",IF(COUNTIFS(全馬データ!$A$2:$A$50000,A45,全馬データ!$B$2:$B$50000,B45,全馬データ!$C$2:$C$50000,C45,全馬データ!$D$2:$D$50000,E45,全馬データ!$K$2:$K$50000,"<>")=0,"",SUMIFS(全馬データ!$K$2:$K$50000,全馬データ!$A$2:$A$50000,A45,全馬データ!$B$2:$B$50000,B45,全馬データ!$C$2:$C$50000,C45,全馬データ!$D$2:$D$50000,E45))) | AP45: =IF(A45="","",IF(AO45="","欠損",IF(AO45<=1.1,"1.0～1.1",IF(AO45<1.3,"1.2",IF(AO45<1.5,"1.3～1.4",IF(AO45<2,"1.5～1.9","2.0以上")))))) -> 欠損 | AQ45: =IF(A45="","",IF(ISNUMBER(SEARCH("2歳",Z45)),"2歳戦",IF(ISNUMBER(SEARCH("3歳未勝利",Z45)),"3歳未勝利",IF(ISNUMBER(SEARCH("未勝利",Z45)),"その他未勝利",IF(ISNUMBER(SEARCH("G1",Z45)),"G1",IF(ISNUMBER(SEARCH("G2",Z45)),"G2",IF(ISNUMBER(SEARCH("G3",Z45)),"G3",IF(ISNUMBER(SEARCH("古馬条件",Z45)),"古馬条件戦",IF(ISNUMBER(SEARCH("重賞",Z45)),"重賞","分類不能"))))))))) -> 分類不能 | AR45: 麒麟山特別 | AS45: 13 | AT45: 3歳以上 | AU45: 10 | AV45: 2勝クラス | AW45: 5 | AX45: 特別 | AY45: 2 | AZ45: ダート | BA45: 1800 | BB45: 42 | BC45: 不良 | BD45: 022 | BE45: 牝馬限定 | BF45: 1 | BG45: 4 | BH45: 定量 | BI45: 15 | BJ45: 2 | BK45: 左 | BL45: 1 | BM45: 通常(内) | BP45: 1 | BQ45: =IF(A45="","",AT45) -> 3歳以上 | BR45: =IF(A45="","",IF(BA45<=1200,"～1200",IF(BA45<=1500,"1300～1500",IF(BA45=1600,"1600",IF(BA45<=1800,"1700～1800",IF(BA45<=2000,"1900～2000","2100以上")))))) -> 1700～1800 | BS45: =IF(A45="","",IF(AX45="G1","G1",IF(AX45="G2","G2",IF(AX45="G3","G3",IF(AX45="L","L","その他"))))) -> その他 | BT45: =IF(A45="","",IF(BI45="","未結合",IF(D45=BI45,"一致","不一致"))) -> 一致 | BU45: =IF(A45="","",IF(BE45="牝馬限定","牝馬限定","その他")) -> 牝馬限定
A46: 46229 | B46: 新潟 | C46: 9 | D46: 14 | E46: 5 | F46: キャネル | G46: 55 | H46: 8 | I46: ノーブルクライ | J46: 55 | K46: 12 | L46: バラジ | M46: 44 | N46: =IF(A46="","",G46-J46) -> 0 | O46: =IF(A46="","",J46-M46) -> 11 | P46: =IF(A46="","",G46+J46) -> 110 | Q46: =IF(A46="","",IF(AND(Y46<>"参考",G46>=ルール設定!$B$2),"○","")) | R46: =IF(A46="","",IF(AND(Y46<>"参考",G46>=ルール設定!$B$3,N46>=ルール設定!$B$4),"○","")) | S46: =IF(A46="","",IF(AND(Y46<>"参考",G46>=ルール設定!$B$5,J46>=ルール設定!$B$6,O46>=ルール設定!$B$7),"○","")) | T46: 1 | U46: 4 | V46: =IF(A46="","",IF(AND(ISNUMBER(T46),ISNUMBER(U46)),IF(AND(T46<=3,U46<=3),"○","×"),"")) -> × | W46: 160 | Y46: 事後発見 | Z46: 同率は馬番順で上位3頭欄へ | AI46: 11 | AJ46: ～59 | AK46: 0～4 | AL46: 10～19 | AM46: 100～119 | AN46: 12～14 | AO46: =IF(A46="","",IF(COUNTIFS(全馬データ!$A$2:$A$50000,A46,全馬データ!$B$2:$B$50000,B46,全馬データ!$C$2:$C$50000,C46,全馬データ!$D$2:$D$50000,E46,全馬データ!$K$2:$K$50000,"<>")=0,"",SUMIFS(全馬データ!$K$2:$K$50000,全馬データ!$A$2:$A$50000,A46,全馬データ!$B$2:$B$50000,B46,全馬データ!$C$2:$C$50000,C46,全馬データ!$D$2:$D$50000,E46))) | AP46: =IF(A46="","",IF(AO46="","欠損",IF(AO46<=1.1,"1.0～1.1",IF(AO46<1.3,"1.2",IF(AO46<1.5,"1.3～1.4",IF(AO46<2,"1.5～1.9","2.0以上")))))) -> 欠損 | AQ46: =IF(A46="","",IF(ISNUMBER(SEARCH("2歳",Z46)),"2歳戦",IF(ISNUMBER(SEARCH("3歳未勝利",Z46)),"3歳未勝利",IF(ISNUMBER(SEARCH("未勝利",Z46)),"その他未勝利",IF(ISNUMBER(SEARCH("G1",Z46)),"G1",IF(ISNUMBER(SEARCH("G2",Z46)),"G2",IF(ISNUMBER(SEARCH("G3",Z46)),"G3",IF(ISNUMBER(SEARCH("古馬条件",Z46)),"古馬条件戦",IF(ISNUMBER(SEARCH("重賞",Z46)),"重賞","分類不能"))))))))) -> 分類不能 | AS46: 20 | AT46: 障害 | AU46: A3 | AV46: 未勝利 | AY46: 3 | AZ46: 障害 | BA46: 2850 | BB46: 40 | BC46: 不良 | BD46: 100 | BE46: 指定なし | BF46: 0 | BG46: 4 | BH46: 定量 | BI46: 14 | BJ46: 9 | BK46: 他 | BL46: 9 | BM46: 他 | BP46: 1 | BQ46: =IF(A46="","",AT46) -> 障害 | BR46: =IF(A46="","",IF(BA46<=1200,"～1200",IF(BA46<=1500,"1300～1500",IF(BA46=1600,"1600",IF(BA46<=1800,"1700～1800",IF(BA46<=2000,"1900～2000","2100以上")))))) -> 2100以上 | BS46: =IF(A46="","",IF(AX46="G1","G1",IF(AX46="G2","G2",IF(AX46="G3","G3",IF(AX46="L","L","その他"))))) -> その他 | BT46: =IF(A46="","",IF(BI46="","未結合",IF(D46=BI46,"一致","不一致"))) -> 一致 | BU46: =IF(A46="","",IF(BE46="牝馬限定","牝馬限定","その他")) -> その他
A47: 46229 | B47: 新潟 | C47: 10 | D47: 14 | E47: 5 | F47: ゴットタレント | G47: 58 | H47: 4 | I47: パーシヴァル | J47: 52 | K47: 9 | L47: トップデュオ | M47: 47 | N47: =IF(A47="","",G47-J47) -> 6 | O47: =IF(A47="","",J47-M47) -> 5 | P47: =IF(A47="","",G47+J47) -> 110 | Q47: =IF(A47="","",IF(AND(Y47<>"参考",G47>=ルール設定!$B$2),"○","")) | R47: =IF(A47="","",IF(AND(Y47<>"参考",G47>=ルール設定!$B$3,N47>=ルール設定!$B$4),"○","")) | S47: =IF(A47="","",IF(AND(Y47<>"参考",G47>=ルール設定!$B$5,J47>=ルール設定!$B$6,O47>=ルール設定!$B$7),"○","")) | T47: 4 | U47: 4 | V47: =IF(A47="","",IF(AND(ISNUMBER(T47),ISNUMBER(U47)),IF(AND(T47<=3,U47<=3),"○","×"),"")) -> × | Y47: 事後発見 | AI47: 11 | AJ47: ～59 | AK47: 5～9 | AL47: 10～19 | AM47: 100～119 | AN47: 12～14 | AO47: =IF(A47="","",IF(COUNTIFS(全馬データ!$A$2:$A$50000,A47,全馬データ!$B$2:$B$50000,B47,全馬データ!$C$2:$C$50000,C47,全馬データ!$D$2:$D$50000,E47,全馬データ!$K$2:$K$50000,"<>")=0,"",SUMIFS(全馬データ!$K$2:$K$50000,全馬データ!$A$2:$A$50000,A47,全馬データ!$B$2:$B$50000,B47,全馬データ!$C$2:$C$50000,C47,全馬データ!$D$2:$D$50000,E47))) | AP47: =IF(A47="","",IF(AO47="","欠損",IF(AO47<=1.1,"1.0～1.1",IF(AO47<1.3,"1.2",IF(AO47<1.5,"1.3～1.4",IF(AO47<2,"1.5～1.9","2.0以上")))))) -> 欠損 | AQ47: =IF(A47="","",IF(ISNUMBER(SEARCH("2歳",Z47)),"2歳戦",IF(ISNUMBER(SEARCH("3歳未勝利",Z47)),"3歳未勝利",IF(ISNUMBER(SEARCH("未勝利",Z47)),"その他未勝利",IF(ISNUMBER(SEARCH("G1",Z47)),"G1",IF(ISNUMBER(SEARCH("G2",Z47)),"G2",IF(ISNUMBER(SEARCH("G3",Z47)),"G3",IF(ISNUMBER(SEARCH("古馬条件",Z47)),"古馬条件戦",IF(ISNUMBER(SEARCH("重賞",Z47)),"重賞","分類不能"))))))))) -> 分類不能 | AS47: 12 | AT47: 3歳 | AU47: A3 | AV47: 未勝利 | AY47: 2 | AZ47: ダート | BA47: 1800 | BB47: 40 | BC47: 不良 | BD47: 002 | BE47: 指定なし | BF47: 0 | BG47: 3 | BH47: 馬齢 | BI47: 14 | BJ47: 2 | BK47: 左 | BL47: 1 | BM47: 通常(内) | BP47: 1 | BQ47: =IF(A47="","",AT47) -> 3歳 | BR47: =IF(A47="","",IF(BA47<=1200,"～1200",IF(BA47<=1500,"1300～1500",IF(BA47=1600,"1600",IF(BA47<=1800,"1700～1800",IF(BA47<=2000,"1900～2000","2100以上")))))) -> 1700～1800 | BS47: =IF(A47="","",IF(AX47="G1","G1",IF(AX47="G2","G2",IF(AX47="G3","G3",IF(AX47="L","L","その他"))))) -> その他 | BT47: =IF(A47="","",IF(BI47="","未結合",IF(D47=BI47,"一致","不一致"))) -> 一致 | BU47: =IF(A47="","",IF(BE47="牝馬限定","牝馬限定","その他")) -> その他
A48: 46229 | B48: 新潟 | C48: 11 | D48: 15 | E48: 5 | F48: シャンクス | G48: 66 | H48: 10 | I48: ミエノブラボー | J48: 25 | K48: 8 | L48: ホウオウガイア | M48: 23 | N48: =IF(A48="","",G48-J48) -> 41 | O48: =IF(A48="","",J48-M48) -> 2 | P48: =IF(A48="","",G48+J48) -> 91 | Q48: =IF(A48="","",IF(AND(Y48<>"参考",G48>=ルール設定!$B$2),"○","")) | R48: =IF(A48="","",IF(AND(Y48<>"参考",G48>=ルール設定!$B$3,N48>=ルール設定!$B$4),"○","")) | S48: =IF(A48="","",IF(AND(Y48<>"参考",G48>=ルール設定!$B$5,J48>=ルール設定!$B$6,O48>=ルール設定!$B$7),"○","")) | T48: 3 | U48: 2 | V48: =IF(A48="","",IF(AND(ISNUMBER(T48),ISNUMBER(U48)),IF(AND(T48<=3,U48<=3),"○","×"),"")) -> ○ | W48: 310 | X48: 1120 | Y48: 事後発見 | AI48: 43 | AJ48: 60～69 | AK48: 30以上 | AL48: 40以上 | AM48: ～99 | AN48: 15以上 | AO48: =IF(A48="","",IF(COUNTIFS(全馬データ!$A$2:$A$50000,A48,全馬データ!$B$2:$B$50000,B48,全馬データ!$C$2:$C$50000,C48,全馬データ!$D$2:$D$50000,E48,全馬データ!$K$2:$K$50000,"<>")=0,"",SUMIFS(全馬データ!$K$2:$K$50000,全馬データ!$A$2:$A$50000,A48,全馬データ!$B$2:$B$50000,B48,全馬データ!$C$2:$C$50000,C48,全馬データ!$D$2:$D$50000,E48))) | AP48: =IF(A48="","",IF(AO48="","欠損",IF(AO48<=1.1,"1.0～1.1",IF(AO48<1.3,"1.2",IF(AO48<1.5,"1.3～1.4",IF(AO48<2,"1.5～1.9","2.0以上")))))) -> 欠損 | AQ48: =IF(A48="","",IF(ISNUMBER(SEARCH("2歳",Z48)),"2歳戦",IF(ISNUMBER(SEARCH("3歳未勝利",Z48)),"3歳未勝利",IF(ISNUMBER(SEARCH("未勝利",Z48)),"その他未勝利",IF(ISNUMBER(SEARCH("G1",Z48)),"G1",IF(ISNUMBER(SEARCH("G2",Z48)),"G2",IF(ISNUMBER(SEARCH("G3",Z48)),"G3",IF(ISNUMBER(SEARCH("古馬条件",Z48)),"古馬条件戦",IF(ISNUMBER(SEARCH("重賞",Z48)),"重賞","分類不能"))))))))) -> 分類不能 | AS48: 13 | AT48: 3歳以上 | AU48: 05 | AV48: 1勝クラス | AY48: 1 | AZ48: 芝 | BA48: 1000 | BB48: 40 | BC48: 不良 | BD48: 002 | BE48: 指定なし | BF48: 0 | BG48: 4 | BH48: 定量 | BI48: 15 | BJ48: 3 | BK48: 直 | BL48: 9 | BM48: 他 | BN48: 1 | BO48: A | BP48: 1 | BQ48: =IF(A48="","",AT48) -> 3歳以上 | BR48: =IF(A48="","",IF(BA48<=1200,"～1200",IF(BA48<=1500,"1300～1500",IF(BA48=1600,"1600",IF(BA48<=1800,"1700～1800",IF(BA48<=2000,"1900～2000","2100以上")))))) -> ～1200 | BS48: =IF(A48="","",IF(AX48="G1","G1",IF(AX48="G2","G2",IF(AX48="G3","G3",IF(AX48="L","L","その他"))))) -> その他 | BT48: =IF(A48="","",IF(BI48="","未結合",IF(D48=BI48,"一致","不一致"))) -> 一致 | BU48: =IF(A48="","",IF(BE48="牝馬限定","牝馬限定","その他")) -> その他
A49: 46229 | B49: 新潟 | C49: 12 | D49: 15 | E49: 13 | F49: ファランギーナ | G49: 75 | H49: 7 | I49: ハナコトバ | J49: 44 | K49: 2 | L49: ミナヅキ | M49: 41 | N49: =IF(A49="","",G49-J49) -> 31 | O49: =IF(A49="","",J49-M49) -> 3 | P49: =IF(A49="","",G49+J49) -> 119 | Q49: =IF(A49="","",IF(AND(Y49<>"参考",G49>=ルール設定!$B$2),"○","")) | R49: =IF(A49="","",IF(AND(Y49<>"参考",G49>=ルール設定!$B$3,N49>=ルール設定!$B$4),"○","")) -> ○ | S49: =IF(A49="","",IF(AND(Y49<>"参考",G49>=ルール設定!$B$5,J49>=ルール設定!$B$6,O49>=ルール設定!$B$7),"○","")) | T49: 4 | U49: 4 | V49: =IF(A49="","",IF(AND(ISNUMBER(T49),ISNUMBER(U49)),IF(AND(T49<=3,U49<=3),"○","×"),"")) -> × | Y49: 事後発見 | AE49: ○ | AI49: 34 | AJ49: 75～79 | AK49: 30以上 | AL49: 30～39 | AM49: 100～119 | AN49: 15以上 | AO49: =IF(A49="","",IF(COUNTIFS(全馬データ!$A$2:$A$50000,A49,全馬データ!$B$2:$B$50000,B49,全馬データ!$C$2:$C$50000,C49,全馬データ!$D$2:$D$50000,E49,全馬データ!$K$2:$K$50000,"<>")=0,"",SUMIFS(全馬データ!$K$2:$K$50000,全馬データ!$A$2:$A$50000,A49,全馬データ!$B$2:$B$50000,B49,全馬データ!$C$2:$C$50000,C49,全馬データ!$D$2:$D$50000,E49))) | AP49: =IF(A49="","",IF(AO49="","欠損",IF(AO49<=1.1,"1.0～1.1",IF(AO49<1.3,"1.2",IF(AO49<1.5,"1.3～1.4",IF(AO49<2,"1.5～1.9","2.0以上")))))) -> 欠損 | AQ49: =IF(A49="","",IF(ISNUMBER(SEARCH("2歳",Z49)),"2歳戦",IF(ISNUMBER(SEARCH("3歳未勝利",Z49)),"3歳未勝利",IF(ISNUMBER(SEARCH("未勝利",Z49)),"その他未勝利",IF(ISNUMBER(SEARCH("G1",Z49)),"G1",IF(ISNUMBER(SEARCH("G2",Z49)),"G2",IF(ISNUMBER(SEARCH("G3",Z49)),"G3",IF(ISNUMBER(SEARCH("古馬条件",Z49)),"古馬条件戦",IF(ISNUMBER(SEARCH("重賞",Z49)),"重賞","分類不能"))))))))) -> 分類不能 | AS49: 12 | AT49: 3歳 | AU49: A3 | AV49: 未勝利 | AY49: 1 | AZ49: 芝 | BA49: 2000 | BB49: 41 | BC49: 不良 | BD49: 102 | BE49: 指定なし | BF49: 0 | BG49: 3 | BH49: 馬齢 | BI49: 15 | BJ49: 2 | BK49: 左 | BL49: 1 | BM49: 通常(内) | BN49: 1 | BO49: A | BP49: 1 | BQ49: =IF(A49="","",AT49) -> 3歳 | BR49: =IF(A49="","",IF(BA49<=1200,"～1200",IF(BA49<=1500,"1300～1500",IF(BA49=1600,"1600",IF(BA49<=1800,"1700～1800",IF(BA49<=2000,"1900～2000","2100以上")))))) -> 1900～2000 | BS49: =IF(A49="","",IF(AX49="G1","G1",IF(AX49="G2","G2",IF(AX49="G3","G3",IF(AX49="L","L","その他"))))) -> その他 | BT49: =IF(A49="","",IF(BI49="","未結合",IF(D49=BI49,"一致","不一致"))) -> 一致 | BU49: =IF(A49="","",IF(BE49="牝馬限定","牝馬限定","その他")) -> その他
A50: 46229 | B50: 中京 | C50: 1 | D50: 9 | E50: 1 | F50: メアグローリア | G50: 86 | H50: 9 | I50: ヴェルヴィエ | J50: 44 | K50: 6 | L50: ルースソラール | M50: 39 | N50: =IF(A50="","",G50-J50) -> 42 | O50: =IF(A50="","",J50-M50) -> 5 | P50: =IF(A50="","",G50+J50) -> 130 | Q50: =IF(A50="","",IF(AND(Y50<>"参考",G50>=ルール設定!$B$2),"○","")) -> ○ | R50: =IF(A50="","",IF(AND(Y50<>"参考",G50>=ルール設定!$B$3,N50>=ルール設定!$B$4),"○","")) -> ○ | S50: =IF(A50="","",IF(AND(Y50<>"参考",G50>=ルール設定!$B$5,J50>=ルール設定!$B$6,O50>=ルール設定!$B$7),"○","")) | T50: 3 | U50: 4 | V50: =IF(A50="","",IF(AND(ISNUMBER(T50),ISNUMBER(U50)),IF(AND(T50<=3,U50<=3),"○","×"),"")) -> × | W50: 110 | Y50: 事後発見 | AA50: ○ | AB50: ○ | AD50: ○ | AG50: ○ | AI50: 47 | AJ50: 85以上 | AK50: 30以上 | AL50: 40以上 | AM50: 120～139 | AN50: 8～11 | AO50: =IF(A50="","",IF(COUNTIFS(全馬データ!$A$2:$A$50000,A50,全馬データ!$B$2:$B$50000,B50,全馬データ!$C$2:$C$50000,C50,全馬データ!$D$2:$D$50000,E50,全馬データ!$K$2:$K$50000,"<>")=0,"",SUMIFS(全馬データ!$K$2:$K$50000,全馬データ!$A$2:$A$50000,A50,全馬データ!$B$2:$B$50000,B50,全馬データ!$C$2:$C$50000,C50,全馬データ!$D$2:$D$50000,E50))) -> 1.1 | AP50: =IF(A50="","",IF(AO50="","欠損",IF(AO50<=1.1,"1.0～1.1",IF(AO50<1.3,"1.2",IF(AO50<1.5,"1.3～1.4",IF(AO50<2,"1.5～1.9","2.0以上")))))) -> 1.0～1.1 | AQ50: =IF(A50="","",IF(ISNUMBER(SEARCH("2歳",Z50)),"2歳戦",IF(ISNUMBER(SEARCH("3歳未勝利",Z50)),"3歳未勝利",IF(ISNUMBER(SEARCH("未勝利",Z50)),"その他未勝利",IF(ISNUMBER(SEARCH("G1",Z50)),"G1",IF(ISNUMBER(SEARCH("G2",Z50)),"G2",IF(ISNUMBER(SEARCH("G3",Z50)),"G3",IF(ISNUMBER(SEARCH("古馬条件",Z50)),"古馬条件戦",IF(ISNUMBER(SEARCH("重賞",Z50)),"重賞","分類不能"))))))))) -> 分類不能 | AS50: 11 | AT50: 2歳 | AU50: A3 | AV50: 未勝利 | AY50: 1 | AZ50: 芝 | BA50: 1400 | BB50: 11 | BC50: 良 | BD50: 102 | BE50: 指定なし | BF50: 0 | BG50: 3 | BH50: 馬齢 | BI50: 9 | BJ50: 2 | BK50: 左 | BL50: 1 | BM50: 通常(内) | BN50: 1 | BO50: A | BP50: 2 | BQ50: =IF(A50="","",AT50) -> 2歳 | BR50: =IF(A50="","",IF(BA50<=1200,"～1200",IF(BA50<=1500,"1300～1500",IF(BA50=1600,"1600",IF(BA50<=1800,"1700～1800",IF(BA50<=2000,"1900～2000","2100以上")))))) -> 1300～1500 | BS50: =IF(A50="","",IF(AX50="G1","G1",IF(AX50="G2","G2",IF(AX50="G3","G3",IF(AX50="L","L","その他"))))) -> その他 | BT50: =IF(A50="","",IF(BI50="","未結合",IF(D50=BI50,"一致","不一致"))) -> 一致 | BU50: =IF(A50="","",IF(BE50="牝馬限定","牝馬限定","その他")) -> その他
A51: 46229 | B51: 中京 | C51: 2 | D51: 6 | E51: 4 | F51: テーオーカメリア | G51: 37 | H51: 1 | I51: レッドタイラント | J51: 31 | K51: 5 | L51: オーバーシュタイン | M51: 31 | N51: =IF(A51="","",G51-J51) -> 6 | O51: =IF(A51="","",J51-M51) -> 0 | P51: =IF(A51="","",G51+J51) -> 68 | Q51: =IF(A51="","",IF(AND(Y51<>"参考",G51>=ルール設定!$B$2),"○","")) | R51: =IF(A51="","",IF(AND(Y51<>"参考",G51>=ルール設定!$B$3,N51>=ルール設定!$B$4),"○","")) | S51: =IF(A51="","",IF(AND(Y51<>"参考",G51>=ルール設定!$B$5,J51>=ルール設定!$B$6,O51>=ルール設定!$B$7),"○","")) | T51: 2 | U51: 3 | V51: =IF(A51="","",IF(AND(ISNUMBER(T51),ISNUMBER(U51)),IF(AND(T51<=3,U51<=3),"○","×"),"")) -> ○ | W51: 690 | X51: 1790 | Y51: 事後発見 | Z51: 同率は馬番順で上位3頭欄へ | AI51: 6 | AJ51: ～59 | AK51: 5～9 | AL51: 0～9 | AM51: ～99 | AN51: 7以下 | AO51: =IF(A51="","",IF(COUNTIFS(全馬データ!$A$2:$A$50000,A51,全馬データ!$B$2:$B$50000,B51,全馬データ!$C$2:$C$50000,C51,全馬データ!$D$2:$D$50000,E51,全馬データ!$K$2:$K$50000,"<>")=0,"",SUMIFS(全馬データ!$K$2:$K$50000,全馬データ!$A$2:$A$50000,A51,全馬データ!$B$2:$B$50000,B51,全馬データ!$C$2:$C$50000,C51,全馬データ!$D$2:$D$50000,E51))) | AP51: =IF(A51="","",IF(AO51="","欠損",IF(AO51<=1.1,"1.0～1.1",IF(AO51<1.3,"1.2",IF(AO51<1.5,"1.3～1.4",IF(AO51<2,"1.5～1.9","2.0以上")))))) -> 欠損 | AQ51: =IF(A51="","",IF(ISNUMBER(SEARCH("2歳",Z51)),"2歳戦",IF(ISNUMBER(SEARCH("3歳未勝利",Z51)),"3歳未勝利",IF(ISNUMBER(SEARCH("未勝利",Z51)),"その他未勝利",IF(ISNUMBER(SEARCH("G1",Z51)),"G1",IF(ISNUMBER(SEARCH("G2",Z51)),"G2",IF(ISNUMBER(SEARCH("G3",Z51)),"G3",IF(ISNUMBER(SEARCH("古馬条件",Z51)),"古馬条件戦",IF(ISNUMBER(SEARCH("重賞",Z51)),"重賞","分類不能"))))))))) -> 分類不能 | AS51: 11 | AT51: 2歳 | AU51: A1 | AV51: 新馬 | AY51: 1 | AZ51: 芝 | BA51: 2000 | BB51: 11 | BC51: 良 | BD51: 102 | BE51: 指定なし | BF51: 0 | BG51: 3 | BH51: 馬齢 | BI51: 6 | BJ51: 2 | BK51: 左 | BL51: 1 | BM51: 通常(内) | BN51: 1 | BO51: A | BP51: 2 | BQ51: =IF(A51="","",AT51) -> 2歳 | BR51: =IF(A51="","",IF(BA51<=1200,"～1200",IF(BA51<=1500,"1300～1500",IF(BA51=1600,"1600",IF(BA51<=1800,"1700～1800",IF(BA51<=2000,"1900～2000","2100以上")))))) -> 1900～2000 | BS51: =IF(A51="","",IF(AX51="G1","G1",IF(AX51="G2","G2",IF(AX51="G3","G3",IF(AX51="L","L","その他"))))) -> その他 | BT51: =IF(A51="","",IF(BI51="","未結合",IF(D51=BI51,"一致","不一致"))) -> 一致 | BU51: =IF(A51="","",IF(BE51="牝馬限定","牝馬限定","その他")) -> その他
A52: 46229 | B52: 中京 | C52: 3 | D52: 10 | E52: 6 | F52: ダノンミッドナイト | G52: 74 | H52: 8 | I52: ナムラヴンダー | J52: 56 | K52: 9 | L52: オープンザパンドラ | M52: 47 | N52: =IF(A52="","",G52-J52) -> 18 | O52: =IF(A52="","",J52-M52) -> 9 | P52: =IF(A52="","",G52+J52) -> 130 | Q52: =IF(A52="","",IF(AND(Y52<>"参考",G52>=ルール設定!$B$2),"○","")) | R52: =IF(A52="","",IF(AND(Y52<>"参考",G52>=ルール設定!$B$3,N52>=ルール設定!$B$4),"○","")) | S52: =IF(A52="","",IF(AND(Y52<>"参考",G52>=ルール設定!$B$5,J52>=ルール設定!$B$6,O52>=ルール設定!$B$7),"○","")) | T52: 1 | U52: 2 | V52: =IF(A52="","",IF(AND(ISNUMBER(T52),ISNUMBER(U52)),IF(AND(T52<=3,U52<=3),"○","×"),"")) -> ○ | W52: 110 | X52: 170 | Y52: 事後発見 | AI52: 27 | AJ52: 70～74 | AK52: 10～19 | AL52: 20～29 | AM52: 120～139 | AN52: 8～11 | AO52: =IF(A52="","",IF(COUNTIFS(全馬データ!$A$2:$A$50000,A52,全馬データ!$B$2:$B$50000,B52,全馬データ!$C$2:$C$50000,C52,全馬データ!$D$2:$D$50000,E52,全馬データ!$K$2:$K$50000,"<>")=0,"",SUMIFS(全馬データ!$K$2:$K$50000,全馬データ!$A$2:$A$50000,A52,全馬データ!$B$2:$B$50000,B52,全馬データ!$C$2:$C$50000,C52,全馬データ!$D$2:$D$50000,E52))) | AP52: =IF(A52="","",IF(AO52="","欠損",IF(AO52<=1.1,"1.0～1.1",IF(AO52<1.3,"1.2",IF(AO52<1.5,"1.3～1.4",IF(AO52<2,"1.5～1.9","2.0以上")))))) -> 欠損 | AQ52: =IF(A52="","",IF(ISNUMBER(SEARCH("2歳",Z52)),"2歳戦",IF(ISNUMBER(SEARCH("3歳未勝利",Z52)),"3歳未勝利",IF(ISNUMBER(SEARCH("未勝利",Z52)),"その他未勝利",IF(ISNUMBER(SEARCH("G1",Z52)),"G1",IF(ISNUMBER(SEARCH("G2",Z52)),"G2",IF(ISNUMBER(SEARCH("G3",Z52)),"G3",IF(ISNUMBER(SEARCH("古馬条件",Z52)),"古馬条件戦",IF(ISNUMBER(SEARCH("重賞",Z52)),"重賞","分類不能"))))))))) -> 分類不能 | AS52: 12 | AT52: 3歳 | AU52: A3 | AV52: 未勝利 | AY52: 1 | AZ52: 芝 | BA52: 2200 | BB52: 11 | BC52: 良 | BD52: 102 | BE52: 指定なし | BF52: 0 | BG52: 3 | BH52: 馬齢 | BI52: 10 | BJ52: 2 | BK52: 左 | BL52: 1 | BM52: 通常(内) | BN52: 1 | BO52: A | BP52: 2 | BQ52: =IF(A52="","",AT52) -> 3歳 | BR52: =IF(A52="","",IF(BA52<=1200,"～1200",IF(BA52<=1500,"1300～1500",IF(BA52=1600,"1600",IF(BA52<=1800,"1700～1800",IF(BA52<=2000,"1900～2000","2100以上")))))) -> 2100以上 | BS52: =IF(A52="","",IF(AX52="G1","G1",IF(AX52="G2","G2",IF(AX52="G3","G3",IF(AX52="L","L","その他"))))) -> その他 | BT52: =IF(A52="","",IF(BI52="","未結合",IF(D52=BI52,"一致","不一致"))) -> 一致 | BU52: =IF(A52="","",IF(BE52="牝馬限定","牝馬限定","その他")) -> その他
A53: 46229 | B53: 中京 | C53: 4 | D53: 15 | E53: 1 | F53: アイランド | G53: 86 | H53: 14 | I53: マーチンゲール | J53: 47 | K53: 11 | L53: エアアルチーナ | M53: 39 | N53: =IF(A53="","",G53-J53) -> 39 | O53: =IF(A53="","",J53-M53) -> 8 | P53: =IF(A53="","",G53+J53) -> 133 | Q53: =IF(A53="","",IF(AND(Y53<>"参考",G53>=ルール設定!$B$2),"○","")) -> ○ | R53: =IF(A53="","",IF(AND(Y53<>"参考",G53>=ルール設定!$B$3,N53>=ルール設定!$B$4),"○","")) -> ○ | S53: =IF(A53="","",IF(AND(Y53<>"参考",G53>=ルール設定!$B$5,J53>=ルール設定!$B$6,O53>=ルール設定!$B$7),"○","")) | T53: 3 | U53: 2 | V53: =IF(A53="","",IF(AND(ISNUMBER(T53),ISNUMBER(U53)),IF(AND(T53<=3,U53<=3),"○","×"),"")) -> ○ | W53: 120 | X53: 360 | Y53: 事後発見 | AA53: ○ | AB53: ○ | AD53: ○ | AG53: ○ | AI53: 47 | AJ53: 85以上 | AK53: 30以上 | AL53: 40以上 | AM53: 120～139 | AN53: 15以上 | AO53: =IF(A53="","",IF(COUNTIFS(全馬データ!$A$2:$A$50000,A53,全馬データ!$B$2:$B$50000,B53,全馬データ!$C$2:$C$50000,C53,全馬データ!$D$2:$D$50000,E53,全馬データ!$K$2:$K$50000,"<>")=0,"",SUMIFS(全馬データ!$K$2:$K$50000,全馬データ!$A$2:$A$50000,A53,全馬データ!$B$2:$B$50000,B53,全馬データ!$C$2:$C$50000,C53,全馬データ!$D$2:$D$50000,E53))) -> 1.2 | AP53: =IF(A53="","",IF(AO53="","欠損",IF(AO53<=1.1,"1.0～1.1",IF(AO53<1.3,"1.2",IF(AO53<1.5,"1.3～1.4",IF(AO53<2,"1.5～1.9","2.0以上")))))) -> 1.2 | AQ53: =IF(A53="","",IF(ISNUMBER(SEARCH("2歳",Z53)),"2歳戦",IF(ISNUMBER(SEARCH("3歳未勝利",Z53)),"3歳未勝利",IF(ISNUMBER(SEARCH("未勝利",Z53)),"その他未勝利",IF(ISNUMBER(SEARCH("G1",Z53)),"G1",IF(ISNUMBER(SEARCH("G2",Z53)),"G2",IF(ISNUMBER(SEARCH("G3",Z53)),"G3",IF(ISNUMBER(SEARCH("古馬条件",Z53)),"古馬条件戦",IF(ISNUMBER(SEARCH("重賞",Z53)),"重賞","分類不能"))))))))) -> 分類不能 | AS53: 12 | AT53: 3歳 | AU53: A3 | AV53: 未勝利 | AY53: 2 | AZ53: ダート | BA53: 1800 | BB53: 10 | BC53: 良 | BD53: 102 | BE53: 指定なし | BF53: 0 | BG53: 3 | BH53: 馬齢 | BI53: 15 | BJ53: 2 | BK53: 左 | BL53: 1 | BM53: 通常(内) | BP53: 2 | BQ53: =IF(A53="","",AT53) -> 3歳 | BR53: =IF(A53="","",IF(BA53<=1200,"～1200",IF(BA53<=1500,"1300～1500",IF(BA53=1600,"1600",IF(BA53<=1800,"1700～1800",IF(BA53<=2000,"1900～2000","2100以上")))))) -> 1700～1800 | BS53: =IF(A53="","",IF(AX53="G1","G1",IF(AX53="G2","G2",IF(AX53="G3","G3",IF(AX53="L","L","その他"))))) -> その他 | BT53: =IF(A53="","",IF(BI53="","未結合",IF(D53=BI53,"一致","不一致"))) -> 一致 | BU53: =IF(A53="","",IF(BE53="牝馬限定","牝馬限定","その他")) -> その他
A54: 46229 | B54: 中京 | C54: 5 | D54: 16 | E54: 14 | F54: セッシュウ | G54: 65 | H54: 1 | I54: ジョーカー | J54: 56 | K54: 6 | L54: ペプチドレオン | M54: 52 | N54: =IF(A54="","",G54-J54) -> 9 | O54: =IF(A54="","",J54-M54) -> 4 | P54: =IF(A54="","",G54+J54) -> 121 | Q54: =IF(A54="","",IF(AND(Y54<>"参考",G54>=ルール設定!$B$2),"○","")) | R54: =IF(A54="","",IF(AND(Y54<>"参考",G54>=ルール設定!$B$3,N54>=ルール設定!$B$4),"○","")) | S54: =IF(A54="","",IF(AND(Y54<>"参考",G54>=ルール設定!$B$5,J54>=ルール設定!$B$6,O54>=ルール設定!$B$7),"○","")) | T54: 3 | U54: 4 | V54: =IF(A54="","",IF(AND(ISNUMBER(T54),ISNUMBER(U54)),IF(AND(T54<=3,U54<=3),"○","×"),"")) -> × | W54: 120 | Y54: 事後発見 | AI54: 13 | AJ54: 60～69 | AK54: 5～9 | AL54: 10～19 | AM54: 120～139 | AN54: 15以上 | AO54: =IF(A54="","",IF(COUNTIFS(全馬データ!$A$2:$A$50000,A54,全馬データ!$B$2:$B$50000,B54,全馬データ!$C$2:$C$50000,C54,全馬データ!$D$2:$D$50000,E54,全馬データ!$K$2:$K$50000,"<>")=0,"",SUMIFS(全馬データ!$K$2:$K$50000,全馬データ!$A$2:$A$50000,A54,全馬データ!$B$2:$B$50000,B54,全馬データ!$C$2:$C$50000,C54,全馬データ!$D$2:$D$50000,E54))) | AP54: =IF(A54="","",IF(AO54="","欠損",IF(AO54<=1.1,"1.0～1.1",IF(AO54<1.3,"1.2",IF(AO54<1.5,"1.3～1.4",IF(AO54<2,"1.5～1.9","2.0以上")))))) -> 欠損 | AQ54: =IF(A54="","",IF(ISNUMBER(SEARCH("2歳",Z54)),"2歳戦",IF(ISNUMBER(SEARCH("3歳未勝利",Z54)),"3歳未勝利",IF(ISNUMBER(SEARCH("未勝利",Z54)),"その他未勝利",IF(ISNUMBER(SEARCH("G1",Z54)),"G1",IF(ISNUMBER(SEARCH("G2",Z54)),"G2",IF(ISNUMBER(SEARCH("G3",Z54)),"G3",IF(ISNUMBER(SEARCH("古馬条件",Z54)),"古馬条件戦",IF(ISNUMBER(SEARCH("重賞",Z54)),"重賞","分類不能"))))))))) -> 分類不能 | AS54: 12 | AT54: 3歳 | AU54: A3 | AV54: 未勝利 | AY54: 2 | AZ54: ダート | BA54: 1400 | BB54: 10 | BC54: 良 | BD54: 102 | BE54: 指定なし | BF54: 0 | BG54: 3 | BH54: 馬齢 | BI54: 16 | BJ54: 2 | BK54: 左 | BL54: 1 | BM54: 通常(内) | BP54: 2 | BQ54: =IF(A54="","",AT54) -> 3歳 | BR54: =IF(A54="","",IF(BA54<=1200,"～1200",IF(BA54<=1500,"1300～1500",IF(BA54=1600,"1600",IF(BA54<=1800,"1700～1800",IF(BA54<=2000,"1900～2000","2100以上")))))) -> 1300～1500 | BS54: =IF(A54="","",IF(AX54="G1","G1",IF(AX54="G2","G2",IF(AX54="G3","G3",IF(AX54="L","L","その他"))))) -> その他 | BT54: =IF(A54="","",IF(BI54="","未結合",IF(D54=BI54,"一致","不一致"))) -> 一致 | BU54: =IF(A54="","",IF(BE54="牝馬限定","牝馬限定","その他")) -> その他
A55: 46229 | B55: 中京 | C55: 6 | D55: 10 | E55: 1 | F55: サヴォアフェール | G55: 75 | H55: 6 | I55: マディソンガール | J55: 56 | K55: 5 | L55: ホウオウタイタン | M55: 47 | N55: =IF(A55="","",G55-J55) -> 19 | O55: =IF(A55="","",J55-M55) -> 9 | P55: =IF(A55="","",G55+J55) -> 131 | Q55: =IF(A55="","",IF(AND(Y55<>"参考",G55>=ルール設定!$B$2),"○","")) | R55: =IF(A55="","",IF(AND(Y55<>"参考",G55>=ルール設定!$B$3,N55>=ルール設定!$B$4),"○","")) | S55: =IF(A55="","",IF(AND(Y55<>"参考",G55>=ルール設定!$B$5,J55>=ルール設定!$B$6,O55>=ルール設定!$B$7),"○","")) | T55: 1 | U55: 4 | V55: =IF(A55="","",IF(AND(ISNUMBER(T55),ISNUMBER(U55)),IF(AND(T55<=3,U55<=3),"○","×"),"")) -> × | W55: 120 | Y55: 事後発見 | AI55: 28 | AJ55: 75～79 | AK55: 10～19 | AL55: 20～29 | AM55: 120～139 | AN55: 8～11 | AO55: =IF(A55="","",IF(COUNTIFS(全馬データ!$A$2:$A$50000,A55,全馬データ!$B$2:$B$50000,B55,全馬データ!$C$2:$C$50000,C55,全馬データ!$D$2:$D$50000,E55,全馬データ!$K$2:$K$50000,"<>")=0,"",SUMIFS(全馬データ!$K$2:$K$50000,全馬データ!$A$2:$A$50000,A55,全馬データ!$B$2:$B$50000,B55,全馬データ!$C$2:$C$50000,C55,全馬データ!$D$2:$D$50000,E55))) | AP55: =IF(A55="","",IF(AO55="","欠損",IF(AO55<=1.1,"1.0～1.1",IF(AO55<1.3,"1.2",IF(AO55<1.5,"1.3～1.4",IF(AO55<2,"1.5～1.9","2.0以上")))))) -> 欠損 | AQ55: =IF(A55="","",IF(ISNUMBER(SEARCH("2歳",Z55)),"2歳戦",IF(ISNUMBER(SEARCH("3歳未勝利",Z55)),"3歳未勝利",IF(ISNUMBER(SEARCH("未勝利",Z55)),"その他未勝利",IF(ISNUMBER(SEARCH("G1",Z55)),"G1",IF(ISNUMBER(SEARCH("G2",Z55)),"G2",IF(ISNUMBER(SEARCH("G3",Z55)),"G3",IF(ISNUMBER(SEARCH("古馬条件",Z55)),"古馬条件戦",IF(ISNUMBER(SEARCH("重賞",Z55)),"重賞","分類不能"))))))))) -> 分類不能 | AR55: 木曽川特別 | AS55: 13 | AT55: 3歳以上 | AU55: 10 | AV55: 2勝クラス | AW55: 5 | AX55: 特別 | AY55: 1 | AZ55: 芝 | BA55: 2000 | BB55: 11 | BC55: 良 | BD55: 102 | BE55: 指定なし | BF55: 0 | BG55: 1 | BH55: ハンデ | BI55: 10 | BJ55: 2 | BK55: 左 | BL55: 1 | BM55: 通常(内) | BN55: 1 | BO55: A | BP55: 2 | BQ55: =IF(A55="","",AT55) -> 3歳以上 | BR55: =IF(A55="","",IF(BA55<=1200,"～1200",IF(BA55<=1500,"1300～1500",IF(BA55=1600,"1600",IF(BA55<=1800,"1700～1800",IF(BA55<=2000,"1900～2000","2100以上")))))) -> 1900～2000 | BS55: =IF(A55="","",IF(AX55="G1","G1",IF(AX55="G2","G2",IF(AX55="G3","G3",IF(AX55="L","L","その他"))))) -> その他 | BT55: =IF(A55="","",IF(BI55="","未結合",IF(D55=BI55,"一致","不一致"))) -> 一致 | BU55: =IF(A55="","",IF(BE55="牝馬限定","牝馬限定","その他")) -> その他
A56: 46229 | B56: 中京 | C56: 7 | D56: 14 | E56: 5 | F56: ドンインザムード | G56: 56 | H56: 9 | I56: インユアパレス | J56: 56 | K56: 11 | L56: メイショウハチロー | M56: 47 | N56: =IF(A56="","",G56-J56) -> 0 | O56: =IF(A56="","",J56-M56) -> 9 | P56: =IF(A56="","",G56+J56) -> 112 | Q56: =IF(A56="","",IF(AND(Y56<>"参考",G56>=ルール設定!$B$2),"○","")) | R56: =IF(A56="","",IF(AND(Y56<>"参考",G56>=ルール設定!$B$3,N56>=ルール設定!$B$4),"○","")) | S56: =IF(A56="","",IF(AND(Y56<>"参考",G56>=ルール設定!$B$5,J56>=ルール設定!$B$6,O56>=ルール設定!$B$7),"○","")) | T56: 3 | U56: 4 | V56: =IF(A56="","",IF(AND(ISNUMBER(T56),ISNUMBER(U56)),IF(AND(T56<=3,U56<=3),"○","×"),"")) -> × | W56: 110 | Y56: 事後発見 | Z56: 同率は馬番順で上位3頭欄へ | AI56: 9 | AJ56: ～59 | AK56: 0～4 | AL56: 0～9 | AM56: 100～119 | AN56: 12～14 | AO56: =IF(A56="","",IF(COUNTIFS(全馬データ!$A$2:$A$50000,A56,全馬データ!$B$2:$B$50000,B56,全馬データ!$C$2:$C$50000,C56,全馬データ!$D$2:$D$50000,E56,全馬データ!$K$2:$K$50000,"<>")=0,"",SUMIFS(全馬データ!$K$2:$K$50000,全馬データ!$A$2:$A$50000,A56,全馬データ!$B$2:$B$50000,B56,全馬データ!$C$2:$C$50000,C56,全馬データ!$D$2:$D$50000,E56))) | AP56: =IF(A56="","",IF(AO56="","欠損",IF(AO56<=1.1,"1.0～1.1",IF(AO56<1.3,"1.2",IF(AO56<1.5,"1.3～1.4",IF(AO56<2,"1.5～1.9","2.0以上")))))) -> 欠損 | AQ56: =IF(A56="","",IF(ISNUMBER(SEARCH("2歳",Z56)),"2歳戦",IF(ISNUMBER(SEARCH("3歳未勝利",Z56)),"3歳未勝利",IF(ISNUMBER(SEARCH("未勝利",Z56)),"その他未勝利",IF(ISNUMBER(SEARCH("G1",Z56)),"G1",IF(ISNUMBER(SEARCH("G2",Z56)),"G2",IF(ISNUMBER(SEARCH("G3",Z56)),"G3",IF(ISNUMBER(SEARCH("古馬条件",Z56)),"古馬条件戦",IF(ISNUMBER(SEARCH("重賞",Z56)),"重賞","分類不能"))))))))) -> 分類不能 | AR56: 東海ステークス | AS56: 13 | AT56: 3歳以上 | AU56: OP | AV56: オープン | AW56: 3 | AX56: G3 | AY56: 2 | AZ56: ダート | BA56: 1400 | BB56: 10 | BC56: 良 | BD56: 501 | BE56: 指定なし | BF56: 0 | BG56: 2 | BH56: 別定 | BI56: 14 | BJ56: 2 | BK56: 左 | BL56: 1 | BM56: 通常(内) | BP56: 2 | BQ56: =IF(A56="","",AT56) -> 3歳以上 | BR56: =IF(A56="","",IF(BA56<=1200,"～1200",IF(BA56<=1500,"1300～1500",IF(BA56=1600,"1600",IF(BA56<=1800,"1700～1800",IF(BA56<=2000,"1900～2000","2100以上")))))) -> 1300～1500 | BS56: =IF(A56="","",IF(AX56="G1","G1",IF(AX56="G2","G2",IF(AX56="G3","G3",IF(AX56="L","L","その他"))))) -> G3 | BT56: =IF(A56="","",IF(BI56="","未結合",IF(D56=BI56,"一致","不一致"))) -> 一致 | BU56: =IF(A56="","",IF(BE56="牝馬限定","牝馬限定","その他")) -> その他
A57: 46229 | B57: 中京 | C57: 8 | D57: 12 | E57: 2 | F57: ダンツシタン | G57: 44 | H57: 4 | I57: ジョータルマエm | J57: 44 | K57: 10 | L57: ノボリクレバー | M57: 37 | N57: =IF(A57="","",G57-J57) -> 0 | O57: =IF(A57="","",J57-M57) -> 7 | P57: =IF(A57="","",G57+J57) -> 88 | Q57: =IF(A57="","",IF(AND(Y57<>"参考",G57>=ルール設定!$B$2),"○","")) | R57: =IF(A57="","",IF(AND(Y57<>"参考",G57>=ルール設定!$B$3,N57>=ルール設定!$B$4),"○","")) | S57: =IF(A57="","",IF(AND(Y57<>"参考",G57>=ルール設定!$B$5,J57>=ルール設定!$B$6,O57>=ルール設定!$B$7),"○","")) | T57: 1 | U57: 4 | V57: =IF(A57="","",IF(AND(ISNUMBER(T57),ISNUMBER(U57)),IF(AND(T57<=3,U57<=3),"○","×"),"")) -> × | W57: 160 | Y57: 事後発見 | Z57: 同率は馬番順で上位3頭欄へ | AI57: 7 | AJ57: ～59 | AK57: 0～4 | AL57: 0～9 | AM57: ～99 | AN57: 12～14 | AO57: =IF(A57="","",IF(COUNTIFS(全馬データ!$A$2:$A$50000,A57,全馬データ!$B$2:$B$50000,B57,全馬データ!$C$2:$C$50000,C57,全馬データ!$D$2:$D$50000,E57,全馬データ!$K$2:$K$50000,"<>")=0,"",SUMIFS(全馬データ!$K$2:$K$50000,全馬データ!$A$2:$A$50000,A57,全馬データ!$B$2:$B$50000,B57,全馬データ!$C$2:$C$50000,C57,全馬データ!$D$2:$D$50000,E57))) | AP57: =IF(A57="","",IF(AO57="","欠損",IF(AO57<=1.1,"1.0～1.1",IF(AO57<1.3,"1.2",IF(AO57<1.5,"1.3～1.4",IF(AO57<2,"1.5～1.9","2.0以上")))))) -> 欠損 | AQ57: =IF(A57="","",IF(ISNUMBER(SEARCH("2歳",Z57)),"2歳戦",IF(ISNUMBER(SEARCH("3歳未勝利",Z57)),"3歳未勝利",IF(ISNUMBER(SEARCH("未勝利",Z57)),"その他未勝利",IF(ISNUMBER(SEARCH("G1",Z57)),"G1",IF(ISNUMBER(SEARCH("G2",Z57)),"G2",IF(ISNUMBER(SEARCH("G3",Z57)),"G3",IF(ISNUMBER(SEARCH("古馬条件",Z57)),"古馬条件戦",IF(ISNUMBER(SEARCH("重賞",Z57)),"重賞","分類不能"))))))))) -> 分類不能 | AR57: 遠州灘特別 | AS57: 13 | AT57: 3歳以上 | AU57: 10 | AV57: 2勝クラス | AW57: 5 | AX57: 特別 | AY57: 2 | AZ57: ダート | BA57: 1800 | BB57: 10 | BC57: 良 | BD57: 103 | BE57: 指定なし | BF57: 0 | BG57: 4 | BH57: 定量 | BI57: 12 | BJ57: 2 | BK57: 左 | BL57: 1 | BM57: 通常(内) | BP57: 2 | BQ57: =IF(A57="","",AT57) -> 3歳以上 | BR57: =IF(A57="","",IF(BA57<=1200,"～1200",IF(BA57<=1500,"1300～1500",IF(BA57=1600,"1600",IF(BA57<=1800,"1700～1800",IF(BA57<=2000,"1900～2000","2100以上")))))) -> 1700～1800 | BS57: =IF(A57="","",IF(AX57="G1","G1",IF(AX57="G2","G2",IF(AX57="G3","G3",IF(AX57="L","L","その他"))))) -> その他 | BT57: =IF(A57="","",IF(BI57="","未結合",IF(D57=BI57,"一致","不一致"))) -> 一致 | BU57: =IF(A57="","",IF(BE57="牝馬限定","牝馬限定","その他")) -> その他
A58: 46229 | B58: 中京 | C58: 9 | D58: 14 | E58: 4 | F58: ルージュバロン | G58: 67 | H58: 6 | I58: スウィッチインラヴ | J58: 52 | K58: 3 | L58: フルールジェンヌ | M58: 44 | N58: =IF(A58="","",G58-J58) -> 15 | O58: =IF(A58="","",J58-M58) -> 8 | P58: =IF(A58="","",G58+J58) -> 119 | Q58: =IF(A58="","",IF(AND(Y58<>"参考",G58>=ルール設定!$B$2),"○","")) | R58: =IF(A58="","",IF(AND(Y58<>"参考",G58>=ルール設定!$B$3,N58>=ルール設定!$B$4),"○","")) | S58: =IF(A58="","",IF(AND(Y58<>"参考",G58>=ルール設定!$B$5,J58>=ルール設定!$B$6,O58>=ルール設定!$B$7),"○","")) | T58: 2 | U58: 4 | V58: =IF(A58="","",IF(AND(ISNUMBER(T58),ISNUMBER(U58)),IF(AND(T58<=3,U58<=3),"○","×"),"")) -> × | W58: 220 | Y58: 事後発見 | AI58: 23 | AJ58: 60～69 | AK58: 10～19 | AL58: 20～29 | AM58: 100～119 | AN58: 12～14 | AO58: =IF(A58="","",IF(COUNTIFS(全馬データ!$A$2:$A$50000,A58,全馬データ!$B$2:$B$50000,B58,全馬データ!$C$2:$C$50000,C58,全馬データ!$D$2:$D$50000,E58,全馬データ!$K$2:$K$50000,"<>")=0,"",SUMIFS(全馬データ!$K$2:$K$50000,全馬データ!$A$2:$A$50000,A58,全馬データ!$B$2:$B$50000,B58,全馬データ!$C$2:$C$50000,C58,全馬データ!$D$2:$D$50000,E58))) | AP58: =IF(A58="","",IF(AO58="","欠損",IF(AO58<=1.1,"1.0～1.1",IF(AO58<1.3,"1.2",IF(AO58<1.5,"1.3～1.4",IF(AO58<2,"1.5～1.9","2.0以上")))))) -> 欠損 | AQ58: =IF(A58="","",IF(ISNUMBER(SEARCH("2歳",Z58)),"2歳戦",IF(ISNUMBER(SEARCH("3歳未勝利",Z58)),"3歳未勝利",IF(ISNUMBER(SEARCH("未勝利",Z58)),"その他未勝利",IF(ISNUMBER(SEARCH("G1",Z58)),"G1",IF(ISNUMBER(SEARCH("G2",Z58)),"G2",IF(ISNUMBER(SEARCH("G3",Z58)),"G3",IF(ISNUMBER(SEARCH("古馬条件",Z58)),"古馬条件戦",IF(ISNUMBER(SEARCH("重賞",Z58)),"重賞","分類不能"))))))))) -> 分類不能 | AS58: 13 | AT58: 3歳以上 | AU58: 05 | AV58: 1勝クラス | AY58: 1 | AZ58: 芝 | BA58: 1400 | BB58: 11 | BC58: 良 | BD58: 103 | BE58: 指定なし | BF58: 0 | BG58: 4 | BH58: 定量 | BI58: 14 | BJ58: 2 | BK58: 左 | BL58: 1 | BM58: 通常(内) | BN58: 1 | BO58: A | BP58: 2 | BQ58: =IF(A58="","",AT58) -> 3歳以上 | BR58: =IF(A58="","",IF(BA58<=1200,"～1200",IF(BA58<=1500,"1300～1500",IF(BA58=1600,"1600",IF(BA58<=1800,"1700～1800",IF(BA58<=2000,"1900～2000","2100以上")))))) -> 1300～1500 | BS58: =IF(A58="","",IF(AX58="G1","G1",IF(AX58="G2","G2",IF(AX58="G3","G3",IF(AX58="L","L","その他"))))) -> その他 | BT58: =IF(A58="","",IF(BI58="","未結合",IF(D58=BI58,"一致","不一致"))) -> 一致 | BU58: =IF(A58="","",IF(BE58="牝馬限定","牝馬限定","その他")) -> その他
A59: 46229 | B59: 中京 | C59: 10 | D59: 16 | E59: 2 | F59: ラブインアクション | G59: 71 | H59: 10 | I59: ポッドリプル | J59: 56 | K59: 16 | L59: キーンセンス | M59: 39 | N59: =IF(A59="","",G59-J59) -> 15 | O59: =IF(A59="","",J59-M59) -> 17 | P59: =IF(A59="","",G59+J59) -> 127 | Q59: =IF(A59="","",IF(AND(Y59<>"参考",G59>=ルール設定!$B$2),"○","")) | R59: =IF(A59="","",IF(AND(Y59<>"参考",G59>=ルール設定!$B$3,N59>=ルール設定!$B$4),"○","")) | S59: =IF(A59="","",IF(AND(Y59<>"参考",G59>=ルール設定!$B$5,J59>=ルール設定!$B$6,O59>=ルール設定!$B$7),"○","")) | T59: 3 | U59: 1 | V59: =IF(A59="","",IF(AND(ISNUMBER(T59),ISNUMBER(U59)),IF(AND(T59<=3,U59<=3),"○","×"),"")) -> ○ | W59: 180 | X59: 340 | Y59: 事後発見 | AI59: 32 | AJ59: 70～74 | AK59: 10～19 | AL59: 30～39 | AM59: 120～139 | AN59: 15以上 | AO59: =IF(A59="","",IF(COUNTIFS(全馬データ!$A$2:$A$50000,A59,全馬データ!$B$2:$B$50000,B59,全馬データ!$C$2:$C$50000,C59,全馬データ!$D$2:$D$50000,E59,全馬データ!$K$2:$K$50000,"<>")=0,"",SUMIFS(全馬データ!$K$2:$K$50000,全馬データ!$A$2:$A$50000,A59,全馬データ!$B$2:$B$50000,B59,全馬データ!$C$2:$C$50000,C59,全馬データ!$D$2:$D$50000,E59))) | AP59: =IF(A59="","",IF(AO59="","欠損",IF(AO59<=1.1,"1.0～1.1",IF(AO59<1.3,"1.2",IF(AO59<1.5,"1.3～1.4",IF(AO59<2,"1.5～1.9","2.0以上")))))) -> 欠損 | AQ59: =IF(A59="","",IF(ISNUMBER(SEARCH("2歳",Z59)),"2歳戦",IF(ISNUMBER(SEARCH("3歳未勝利",Z59)),"3歳未勝利",IF(ISNUMBER(SEARCH("未勝利",Z59)),"その他未勝利",IF(ISNUMBER(SEARCH("G1",Z59)),"G1",IF(ISNUMBER(SEARCH("G2",Z59)),"G2",IF(ISNUMBER(SEARCH("G3",Z59)),"G3",IF(ISNUMBER(SEARCH("古馬条件",Z59)),"古馬条件戦",IF(ISNUMBER(SEARCH("重賞",Z59)),"重賞","分類不能"))))))))) -> 分類不能 | AS59: 13 | AT59: 3歳以上 | AU59: 05 | AV59: 1勝クラス | AY59: 2 | AZ59: ダート | BA59: 1400 | BB59: 10 | BC59: 良 | BD59: 102 | BE59: 指定なし | BF59: 0 | BG59: 4 | BH59: 定量 | BI59: 16 | BJ59: 2 | BK59: 左 | BL59: 1 | BM59: 通常(内) | BP59: 2 | BQ59: =IF(A59="","",AT59) -> 3歳以上 | BR59: =IF(A59="","",IF(BA59<=1200,"～1200",IF(BA59<=1500,"1300～1500",IF(BA59=1600,"1600",IF(BA59<=1800,"1700～1800",IF(BA59<=2000,"1900～2000","2100以上")))))) -> 1300～1500 | BS59: =IF(A59="","",IF(AX59="G1","G1",IF(AX59="G2","G2",IF(AX59="G3","G3",IF(AX59="L","L","その他"))))) -> その他 | BT59: =IF(A59="","",IF(BI59="","未結合",IF(D59=BI59,"一致","不一致"))) -> 一致 | BU59: =IF(A59="","",IF(BE59="牝馬限定","牝馬限定","その他")) -> その他
A60: 46229 | B60: 中京 | C60: 11 | D60: 16 | E60: 2 | F60: カラベルソナ | G60: 60 | H60: 11 | I60: バースデイフライト | J60: 52 | K60: 13 | L60: シャンパンライフ | M60: 41 | N60: =IF(A60="","",G60-J60) -> 8 | O60: =IF(A60="","",J60-M60) -> 11 | P60: =IF(A60="","",G60+J60) -> 112 | Q60: =IF(A60="","",IF(AND(Y60<>"参考",G60>=ルール設定!$B$2),"○","")) | R60: =IF(A60="","",IF(AND(Y60<>"参考",G60>=ルール設定!$B$3,N60>=ルール設定!$B$4),"○","")) | S60: =IF(A60="","",IF(AND(Y60<>"参考",G60>=ルール設定!$B$5,J60>=ルール設定!$B$6,O60>=ルール設定!$B$7),"○","")) | T60: 4 | U60: 3 | V60: =IF(A60="","",IF(AND(ISNUMBER(T60),ISNUMBER(U60)),IF(AND(T60<=3,U60<=3),"○","×"),"")) -> × | Y60: 事後発見 | AI60: 19 | AJ60: 60～69 | AK60: 5～9 | AL60: 10～19 | AM60: 100～119 | AN60: 15以上 | AO60: =IF(A60="","",IF(COUNTIFS(全馬データ!$A$2:$A$50000,A60,全馬データ!$B$2:$B$50000,B60,全馬データ!$C$2:$C$50000,C60,全馬データ!$D$2:$D$50000,E60,全馬データ!$K$2:$K$50000,"<>")=0,"",SUMIFS(全馬データ!$K$2:$K$50000,全馬データ!$A$2:$A$50000,A60,全馬データ!$B$2:$B$50000,B60,全馬データ!$C$2:$C$50000,C60,全馬データ!$D$2:$D$50000,E60))) | AP60: =IF(A60="","",IF(AO60="","欠損",IF(AO60<=1.1,"1.0～1.1",IF(AO60<1.3,"1.2",IF(AO60<1.5,"1.3～1.4",IF(AO60<2,"1.5～1.9","2.0以上")))))) -> 欠損 | AQ60: =IF(A60="","",IF(ISNUMBER(SEARCH("2歳",Z60)),"2歳戦",IF(ISNUMBER(SEARCH("3歳未勝利",Z60)),"3歳未勝利",IF(ISNUMBER(SEARCH("未勝利",Z60)),"その他未勝利",IF(ISNUMBER(SEARCH("G1",Z60)),"G1",IF(ISNUMBER(SEARCH("G2",Z60)),"G2",IF(ISNUMBER(SEARCH("G3",Z60)),"G3",IF(ISNUMBER(SEARCH("古馬条件",Z60)),"古馬条件戦",IF(ISNUMBER(SEARCH("重賞",Z60)),"重賞","分類不能"))))))))) -> 分類不能 | AS60: 13 | AT60: 3歳以上 | AU60: 05 | AV60: 1勝クラス | AY60: 1 | AZ60: 芝 | BA60: 1600 | BB60: 11 | BC60: 良 | BD60: 022 | BE60: 牝馬限定 | BF60: 1 | BG60: 4 | BH60: 定量 | BI60: 16 | BJ60: 2 | BK60: 左 | BL60: 1 | BM60: 通常(内) | BN60: 1 | BO60: A | BP60: 2 | BQ60: =IF(A60="","",AT60) -> 3歳以上 | BR60: =IF(A60="","",IF(BA60<=1200,"～1200",IF(BA60<=1500,"1300～1500",IF(BA60=1600,"1600",IF(BA60<=1800,"1700～1800",IF(BA60<=2000,"1900～2000","2100以上")))))) -> 1600 | BS60: =IF(A60="","",IF(AX60="G1","G1",IF(AX60="G2","G2",IF(AX60="G3","G3",IF(AX60="L","L","その他"))))) -> その他 | BT60: =IF(A60="","",IF(BI60="","未結合",IF(D60=BI60,"一致","不一致"))) -> 一致 | BU60: =IF(A60="","",IF(BE60="牝馬限定","牝馬限定","その他")) -> 牝馬限定
A61: 46229 | B61: 中京 | C61: 12 | D61: 15 | E61: 7 | F61: チュウワメロディー | G61: 81 | H61: 3 | I61: コースタルロード | J61: 62 | K61: 6 | L61: アンリミテッド | M61: 29 | N61: =IF(A61="","",G61-J61) -> 19 | O61: =IF(A61="","",J61-M61) -> 33 | P61: =IF(A61="","",G61+J61) -> 143 | Q61: =IF(A61="","",IF(AND(Y61<>"参考",G61>=ルール設定!$B$2),"○","")) -> ○ | R61: =IF(A61="","",IF(AND(Y61<>"参考",G61>=ルール設定!$B$3,N61>=ルール設定!$B$4),"○","")) | S61: =IF(A61="","",IF(AND(Y61<>"参考",G61>=ルール設定!$B$5,J61>=ルール設定!$B$6,O61>=ルール設定!$B$7),"○","")) -> ○ | T61: 3 | U61: 4 | V61: =IF(A61="","",IF(AND(ISNUMBER(T61),ISNUMBER(U61)),IF(AND(T61<=3,U61<=3),"○","×"),"")) -> × | W61: 110 | Y61: 事後発見 | AB61: ○ | AC61: ○ | AF61: ○ | AG61: ○ | AI61: 52 | AJ61: 80～84 | AK61: 10～19 | AL61: 40以上 | AM61: 140～159 | AN61: 15以上 | AO61: =IF(A61="","",IF(COUNTIFS(全馬データ!$A$2:$A$50000,A61,全馬データ!$B$2:$B$50000,B61,全馬データ!$C$2:$C$50000,C61,全馬データ!$D$2:$D$50000,E61,全馬データ!$K$2:$K$50000,"<>")=0,"",SUMIFS(全馬データ!$K$2:$K$50000,全馬データ!$A$2:$A$50000,A61,全馬データ!$B$2:$B$50000,B61,全馬データ!$C$2:$C$50000,C61,全馬データ!$D$2:$D$50000,E61))) -> 1.1 | AP61: =IF(A61="","",IF(AO61="","欠損",IF(AO61<=1.1,"1.0～1.1",IF(AO61<1.3,"1.2",IF(AO61<1.5,"1.3～1.4",IF(AO61<2,"1.5～1.9","2.0以上")))))) -> 1.0～1.1 | AQ61: =IF(A61="","",IF(ISNUMBER(SEARCH("2歳",Z61)),"2歳戦",IF(ISNUMBER(SEARCH("3歳未勝利",Z61)),"3歳未勝利",IF(ISNUMBER(SEARCH("未勝利",Z61)),"その他未勝利",IF(ISNUMBER(SEARCH("G1",Z61)),"G1",IF(ISNUMBER(SEARCH("G2",Z61)),"G2",IF(ISNUMBER(SEARCH("G3",Z61)),"G3",IF(ISNUMBER(SEARCH("古馬条件",Z61)),"古馬条件戦",IF(ISNUMBER(SEARCH("重賞",Z61)),"重賞","分類不能"))))))))) -> 分類不能 | AS61: 12 | AT61: 3歳 | AU61: A3 | AV61: 未勝利 | AY61: 1 | AZ61: 芝 | BA61: 1200 | BB61: 11 | BC61: 良 | BD61: 002 | BE61: 指定なし | BF61: 0 | BG61: 3 | BH61: 馬齢 | BI61: 15 | BJ61: 2 | BK61: 左 | BL61: 1 | BM61: 通常(内) | BN61: 1 | BO61: A | BP61: 2 | BQ61: =IF(A61="","",AT61) -> 3歳 | BR61: =IF(A61="","",IF(BA61<=1200,"～1200",IF(BA61<=1500,"1300～1500",IF(BA61=1600,"1600",IF(BA61<=1800,"1700～1800",IF(BA61<=2000,"1900～2000","2100以上")))))) -> ～1200 | BS61: =IF(A61="","",IF(AX61="G1","G1",IF(AX61="G2","G2",IF(AX61="G3","G3",IF(AX61="L","L","その他"))))) -> その他 | BT61: =IF(A61="","",IF(BI61="","未結合",IF(D61=BI61,"一致","不一致"))) -> 一致 | BU61: =IF(A61="","",IF(BE61="牝馬限定","牝馬限定","その他")) -> その他
A62: 46229 | B62: 札幌 | C62: 1 | D62: 12 | E62: 10 | F62: クラウスーラ | G62: 81 | H62: 6 | I62: ワイドウィンザー | J62: 56 | K62: 3 | L62: サンクレセント | M62: 41 | N62: =IF(A62="","",G62-J62) -> 25 | O62: =IF(A62="","",J62-M62) -> 15 | P62: =IF(A62="","",G62+J62) -> 137 | Q62: =IF(A62="","",IF(AND(Y62<>"参考",G62>=ルール設定!$B$2),"○","")) -> ○ | R62: =IF(A62="","",IF(AND(Y62<>"参考",G62>=ルール設定!$B$3,N62>=ルール設定!$B$4),"○","")) | S62: =IF(A62="","",IF(AND(Y62<>"参考",G62>=ルール設定!$B$5,J62>=ルール設定!$B$6,O62>=ルール設定!$B$7),"○","")) | T62: 1 | U62: 4 | V62: =IF(A62="","",IF(AND(ISNUMBER(T62),ISNUMBER(U62)),IF(AND(T62<=3,U62<=3),"○","×"),"")) -> × | W62: 110 | Y62: 事後発見 | AB62: ○ | AC62: ○ | AG62: ○ | AI62: 40 | AJ62: 80～84 | AK62: 20～29 | AL62: 40以上 | AM62: 120～139 | AN62: 12～14 | AO62: =IF(A62="","",IF(COUNTIFS(全馬データ!$A$2:$A$50000,A62,全馬データ!$B$2:$B$50000,B62,全馬データ!$C$2:$C$50000,C62,全馬データ!$D$2:$D$50000,E62,全馬データ!$K$2:$K$50000,"<>")=0,"",SUMIFS(全馬データ!$K$2:$K$50000,全馬データ!$A$2:$A$50000,A62,全馬データ!$B$2:$B$50000,B62,全馬データ!$C$2:$C$50000,C62,全馬データ!$D$2:$D$50000,E62))) -> 1.1 | AP62: =IF(A62="","",IF(AO62="","欠損",IF(AO62<=1.1,"1.0～1.1",IF(AO62<1.3,"1.2",IF(AO62<1.5,"1.3～1.4",IF(AO62<2,"1.5～1.9","2.0以上")))))) -> 1.0～1.1 | AQ62: =IF(A62="","",IF(ISNUMBER(SEARCH("2歳",Z62)),"2歳戦",IF(ISNUMBER(SEARCH("3歳未勝利",Z62)),"3歳未勝利",IF(ISNUMBER(SEARCH("未勝利",Z62)),"その他未勝利",IF(ISNUMBER(SEARCH("G1",Z62)),"G1",IF(ISNUMBER(SEARCH("G2",Z62)),"G2",IF(ISNUMBER(SEARCH("G3",Z62)),"G3",IF(ISNUMBER(SEARCH("古馬条件",Z62)),"古馬条件戦",IF(ISNUMBER(SEARCH("重賞",Z62)),"重賞","分類不能"))))))))) -> 分類不能 | AS62: 11 | AT62: 2歳 | AU62: A3 | AV62: 未勝利 | AY62: 2 | AZ62: ダート | BA62: 1000 | BB62: 11 | BC62: 良 | BD62: 102 | BE62: 指定なし | BF62: 0 | BG62: 3 | BH62: 馬齢 | BI62: 12 | BJ62: 1 | BK62: 右 | BL62: 1 | BM62: 通常(内) | BP62: 3 | BQ62: =IF(A62="","",AT62) -> 2歳 | BR62: =IF(A62="","",IF(BA62<=1200,"～1200",IF(BA62<=1500,"1300～1500",IF(BA62=1600,"1600",IF(BA62<=1800,"1700～1800",IF(BA62<=2000,"1900～2000","2100以上")))))) -> ～1200 | BS62: =IF(A62="","",IF(AX62="G1","G1",IF(AX62="G2","G2",IF(AX62="G3","G3",IF(AX62="L","L","その他"))))) -> その他 | BT62: =IF(A62="","",IF(BI62="","未結合",IF(D62=BI62,"一致","不一致"))) -> 一致 | BU62: =IF(A62="","",IF(BE62="牝馬限定","牝馬限定","その他")) -> その他
A63: 46229 | B63: 札幌 | C63: 2 | D63: 10 | E63: 6 | F63: プルーフリーディン | G63: 75 | H63: 5 | I63: ルージュボニート | J63: 52 | K63: 2 | L63: ビレッジルイーザ | M63: 47 | N63: =IF(A63="","",G63-J63) -> 23 | O63: =IF(A63="","",J63-M63) -> 5 | P63: =IF(A63="","",G63+J63) -> 127 | Q63: =IF(A63="","",IF(AND(Y63<>"参考",G63>=ルール設定!$B$2),"○","")) | R63: =IF(A63="","",IF(AND(Y63<>"参考",G63>=ルール設定!$B$3,N63>=ルール設定!$B$4),"○","")) | S63: =IF(A63="","",IF(AND(Y63<>"参考",G63>=ルール設定!$B$5,J63>=ルール設定!$B$6,O63>=ルール設定!$B$7),"○","")) | T63: 3 | U63: 2 | V63: =IF(A63="","",IF(AND(ISNUMBER(T63),ISNUMBER(U63)),IF(AND(T63<=3,U63<=3),"○","×"),"")) -> ○ | W63: 130 | X63: 300 | Y63: 事後発見 | AI63: 28 | AJ63: 75～79 | AK63: 20～29 | AL63: 20～29 | AM63: 120～139 | AN63: 8～11 | AO63: =IF(A63="","",IF(COUNTIFS(全馬データ!$A$2:$A$50000,A63,全馬データ!$B$2:$B$50000,B63,全馬データ!$C$2:$C$50000,C63,全馬データ!$D$2:$D$50000,E63,全馬データ!$K$2:$K$50000,"<>")=0,"",SUMIFS(全馬データ!$K$2:$K$50000,全馬データ!$A$2:$A$50000,A63,全馬データ!$B$2:$B$50000,B63,全馬データ!$C$2:$C$50000,C63,全馬データ!$D$2:$D$50000,E63))) | AP63: =IF(A63="","",IF(AO63="","欠損",IF(AO63<=1.1,"1.0～1.1",IF(AO63<1.3,"1.2",IF(AO63<1.5,"1.3～1.4",IF(AO63<2,"1.5～1.9","2.0以上")))))) -> 欠損 | AQ63: =IF(A63="","",IF(ISNUMBER(SEARCH("2歳",Z63)),"2歳戦",IF(ISNUMBER(SEARCH("3歳未勝利",Z63)),"3歳未勝利",IF(ISNUMBER(SEARCH("未勝利",Z63)),"その他未勝利",IF(ISNUMBER(SEARCH("G1",Z63)),"G1",IF(ISNUMBER(SEARCH("G2",Z63)),"G2",IF(ISNUMBER(SEARCH("G3",Z63)),"G3",IF(ISNUMBER(SEARCH("古馬条件",Z63)),"古馬条件戦",IF(ISNUMBER(SEARCH("重賞",Z63)),"重賞","分類不能"))))))))) -> 分類不能 | AS63: 12 | AT63: 3歳 | AU63: A3 | AV63: 未勝利 | AY63: 2 | AZ63: ダート | BA63: 1700 | BB63: 11 | BC63: 良 | BD63: 022 | BE63: 牝馬限定 | BF63: 1 | BG63: 3 | BH63: 馬齢 | BI63: 10 | BJ63: 1 | BK63: 右 | BL63: 1 | BM63: 通常(内) | BP63: 3 | BQ63: =IF(A63="","",AT63) -> 3歳 | BR63: =IF(A63="","",IF(BA63<=1200,"～1200",IF(BA63<=1500,"1300～1500",IF(BA63=1600,"1600",IF(BA63<=1800,"1700～1800",IF(BA63<=2000,"1900～2000","2100以上")))))) -> 1700～1800 | BS63: =IF(A63="","",IF(AX63="G1","G1",IF(AX63="G2","G2",IF(AX63="G3","G3",IF(AX63="L","L","その他"))))) -> その他 | BT63: =IF(A63="","",IF(BI63="","未結合",IF(D63=BI63,"一致","不一致"))) -> 一致 | BU63: =IF(A63="","",IF(BE63="牝馬限定","牝馬限定","その他")) -> 牝馬限定
A64: 46229 | B64: 札幌 | C64: 3 | D64: 16 | E64: 8 | F64: ハルヒメ | G64: 39 | H64: 10 | I64: アンジュラフィーユ | J64: 39 | K64: 14 | L64: モズヴイ | M64: 31 | N64: =IF(A64="","",G64-J64) -> 0 | O64: =IF(A64="","",J64-M64) -> 8 | P64: =IF(A64="","",G64+J64) -> 78 | Q64: =IF(A64="","",IF(AND(Y64<>"参考",G64>=ルール設定!$B$2),"○","")) | R64: =IF(A64="","",IF(AND(Y64<>"参考",G64>=ルール設定!$B$3,N64>=ルール設定!$B$4),"○","")) | S64: =IF(A64="","",IF(AND(Y64<>"参考",G64>=ルール設定!$B$5,J64>=ルール設定!$B$6,O64>=ルール設定!$B$7),"○","")) | T64: 1 | U64: 4 | V64: =IF(A64="","",IF(AND(ISNUMBER(T64),ISNUMBER(U64)),IF(AND(T64<=3,U64<=3),"○","×"),"")) -> × | W64: 170 | Y64: 事後発見 | Z64: 同率は馬番順で上位3頭欄へ | AI64: 8 | AJ64: ～59 | AK64: 0～4 | AL64: 0～9 | AM64: ～99 | AN64: 15以上 | AO64: =IF(A64="","",IF(COUNTIFS(全馬データ!$A$2:$A$50000,A64,全馬データ!$B$2:$B$50000,B64,全馬データ!$C$2:$C$50000,C64,全馬データ!$D$2:$D$50000,E64,全馬データ!$K$2:$K$50000,"<>")=0,"",SUMIFS(全馬データ!$K$2:$K$50000,全馬データ!$A$2:$A$50000,A64,全馬データ!$B$2:$B$50000,B64,全馬データ!$C$2:$C$50000,C64,全馬データ!$D$2:$D$50000,E64))) | AP64: =IF(A64="","",IF(AO64="","欠損",IF(AO64<=1.1,"1.0～1.1",IF(AO64<1.3,"1.2",IF(AO64<1.5,"1.3～1.4",IF(AO64<2,"1.5～1.9","2.0以上")))))) -> 欠損 | AQ64: =IF(A64="","",IF(ISNUMBER(SEARCH("2歳",Z64)),"2歳戦",IF(ISNUMBER(SEARCH("3歳未勝利",Z64)),"3歳未勝利",IF(ISNUMBER(SEARCH("未勝利",Z64)),"その他未勝利",IF(ISNUMBER(SEARCH("G1",Z64)),"G1",IF(ISNUMBER(SEARCH("G2",Z64)),"G2",IF(ISNUMBER(SEARCH("G3",Z64)),"G3",IF(ISNUMBER(SEARCH("古馬条件",Z64)),"古馬条件戦",IF(ISNUMBER(SEARCH("重賞",Z64)),"重賞","分類不能"))))))))) -> 分類不能 | AS64: 12 | AT64: 3歳 | AU64: A3 | AV64: 未勝利 | AY64: 1 | AZ64: 芝 | BA64: 1200 | BB64: 11 | BC64: 良 | BD64: 102 | BE64: 指定なし | BF64: 0 | BG64: 3 | BH64: 馬齢 | BI64: 16 | BJ64: 1 | BK64: 右 | BL64: 1 | BM64: 通常(内) | BN64: 1 | BO64: A | BP64: 3 | BQ64: =IF(A64="","",AT64) -> 3歳 | BR64: =IF(A64="","",IF(BA64<=1200,"～1200",IF(BA64<=1500,"1300～1500",IF(BA64=1600,"1600",IF(BA64<=1800,"1700～1800",IF(BA64<=2000,"1900～2000","2100以上")))))) -> ～1200 | BS64: =IF(A64="","",IF(AX64="G1","G1",IF(AX64="G2","G2",IF(AX64="G3","G3",IF(AX64="L","L","その他"))))) -> その他 | BT64: =IF(A64="","",IF(BI64="","未結合",IF(D64=BI64,"一致","不一致"))) -> 一致 | BU64: =IF(A64="","",IF(BE64="牝馬限定","牝馬限定","その他")) -> その他
A65: 46229 | B65: 札幌 | C65: 4 | D65: 11 | E65: 9 | F65: シンエンドーツダ | G65: 50 | H65: 4 | I65: アンミックス | J65: 39 | K65: 5 | L65: メイショウタイザン | M65: 39 | N65: =IF(A65="","",G65-J65) -> 11 | O65: =IF(A65="","",J65-M65) -> 0 | P65: =IF(A65="","",G65+J65) -> 89 | Q65: =IF(A65="","",IF(AND(Y65<>"参考",G65>=ルール設定!$B$2),"○","")) | R65: =IF(A65="","",IF(AND(Y65<>"参考",G65>=ルール設定!$B$3,N65>=ルール設定!$B$4),"○","")) | S65: =IF(A65="","",IF(AND(Y65<>"参考",G65>=ルール設定!$B$5,J65>=ルール設定!$B$6,O65>=ルール設定!$B$7),"○","")) | T65: 3 | U65: 4 | V65: =IF(A65="","",IF(AND(ISNUMBER(T65),ISNUMBER(U65)),IF(AND(T65<=3,U65<=3),"○","×"),"")) -> × | W65: 160 | Y65: 事後発見 | Z65: 同率は馬番順で上位3頭欄へ | AI65: 11 | AJ65: ～59 | AK65: 10～19 | AL65: 10～19 | AM65: ～99 | AN65: 8～11 | AO65: =IF(A65="","",IF(COUNTIFS(全馬データ!$A$2:$A$50000,A65,全馬データ!$B$2:$B$50000,B65,全馬データ!$C$2:$C$50000,C65,全馬データ!$D$2:$D$50000,E65,全馬データ!$K$2:$K$50000,"<>")=0,"",SUMIFS(全馬データ!$K$2:$K$50000,全馬データ!$A$2:$A$50000,A65,全馬データ!$B$2:$B$50000,B65,全馬データ!$C$2:$C$50000,C65,全馬データ!$D$2:$D$50000,E65))) | AP65: =IF(A65="","",IF(AO65="","欠損",IF(AO65<=1.1,"1.0～1.1",IF(AO65<1.3,"1.2",IF(AO65<1.5,"1.3～1.4",IF(AO65<2,"1.5～1.9","2.0以上")))))) -> 欠損 | AQ65: =IF(A65="","",IF(ISNUMBER(SEARCH("2歳",Z65)),"2歳戦",IF(ISNUMBER(SEARCH("3歳未勝利",Z65)),"3歳未勝利",IF(ISNUMBER(SEARCH("未勝利",Z65)),"その他未勝利",IF(ISNUMBER(SEARCH("G1",Z65)),"G1",IF(ISNUMBER(SEARCH("G2",Z65)),"G2",IF(ISNUMBER(SEARCH("G3",Z65)),"G3",IF(ISNUMBER(SEARCH("古馬条件",Z65)),"古馬条件戦",IF(ISNUMBER(SEARCH("重賞",Z65)),"重賞","分類不能"))))))))) -> 分類不能 | AS65: 12 | AT65: 3歳 | AU65: A3 | AV65: 未勝利 | AY65: 2 | AZ65: ダート | BA65: 1700 | BB65: 11 | BC65: 良 | BD65: 002 | BE65: 指定なし | BF65: 0 | BG65: 3 | BH65: 馬齢 | BI65: 11 | BJ65: 1 | BK65: 右 | BL65: 1 | BM65: 通常(内) | BP65: 3 | BQ65: =IF(A65="","",AT65) -> 3歳 | BR65: =IF(A65="","",IF(BA65<=1200,"～1200",IF(BA65<=1500,"1300～1500",IF(BA65=1600,"1600",IF(BA65<=1800,"1700～1800",IF(BA65<=2000,"1900～2000","2100以上")))))) -> 1700～1800 | BS65: =IF(A65="","",IF(AX65="G1","G1",IF(AX65="G2","G2",IF(AX65="G3","G3",IF(AX65="L","L","その他"))))) -> その他 | BT65: =IF(A65="","",IF(BI65="","未結合",IF(D65=BI65,"一致","不一致"))) -> 一致 | BU65: =IF(A65="","",IF(BE65="牝馬限定","牝馬限定","その他")) -> その他
A66: 46229 | B66: 札幌 | C66: 5 | D66: 10 | E66: 5 | F66: ローザベッラ | G66: 37 | H66: 3 | I66: コスモトップ | J66: 31 | K66: 6 | L66: レゾンフォルテ | M66: 27 | N66: =IF(A66="","",G66-J66) -> 6 | O66: =IF(A66="","",J66-M66) -> 4 | P66: =IF(A66="","",G66+J66) -> 68 | Q66: =IF(A66="","",IF(AND(Y66<>"参考",G66>=ルール設定!$B$2),"○","")) | R66: =IF(A66="","",IF(AND(Y66<>"参考",G66>=ルール設定!$B$3,N66>=ルール設定!$B$4),"○","")) | S66: =IF(A66="","",IF(AND(Y66<>"参考",G66>=ルール設定!$B$5,J66>=ルール設定!$B$6,O66>=ルール設定!$B$7),"○","")) | T66: 4 | U66: 4 | V66: =IF(A66="","",IF(AND(ISNUMBER(T66),ISNUMBER(U66)),IF(AND(T66<=3,U66<=3),"○","×"),"")) -> × | Y66: 事後発見 | AI66: 10 | AJ66: ～59 | AK66: 5～9 | AL66: 10～19 | AM66: ～99 | AN66: 8～11 | AO66: =IF(A66="","",IF(COUNTIFS(全馬データ!$A$2:$A$50000,A66,全馬データ!$B$2:$B$50000,B66,全馬データ!$C$2:$C$50000,C66,全馬データ!$D$2:$D$50000,E66,全馬データ!$K$2:$K$50000,"<>")=0,"",SUMIFS(全馬データ!$K$2:$K$50000,全馬データ!$A$2:$A$50000,A66,全馬データ!$B$2:$B$50000,B66,全馬データ!$C$2:$C$50000,C66,全馬データ!$D$2:$D$50000,E66))) | AP66: =IF(A66="","",IF(AO66="","欠損",IF(AO66<=1.1,"1.0～1.1",IF(AO66<1.3,"1.2",IF(AO66<1.5,"1.3～1.4",IF(AO66<2,"1.5～1.9","2.0以上")))))) -> 欠損 | AQ66: =IF(A66="","",IF(ISNUMBER(SEARCH("2歳",Z66)),"2歳戦",IF(ISNUMBER(SEARCH("3歳未勝利",Z66)),"3歳未勝利",IF(ISNUMBER(SEARCH("未勝利",Z66)),"その他未勝利",IF(ISNUMBER(SEARCH("G1",Z66)),"G1",IF(ISNUMBER(SEARCH("G2",Z66)),"G2",IF(ISNUMBER(SEARCH("G3",Z66)),"G3",IF(ISNUMBER(SEARCH("古馬条件",Z66)),"古馬条件戦",IF(ISNUMBER(SEARCH("重賞",Z66)),"重賞","分類不能"))))))))) -> 分類不能 | AS66: 11 | AT66: 2歳 | AU66: A1 | AV66: 新馬 | AY66: 1 | AZ66: 芝 | BA66: 1800 | BB66: 11 | BC66: 良 | BD66: 102 | BE66: 指定なし | BF66: 0 | BG66: 3 | BH66: 馬齢 | BI66: 10 | BJ66: 1 | BK66: 右 | BL66: 1 | BM66: 通常(内) | BN66: 1 | BO66: A | BP66: 3 | BQ66: =IF(A66="","",AT66) -> 2歳 | BR66: =IF(A66="","",IF(BA66<=1200,"～1200",IF(BA66<=1500,"1300～1500",IF(BA66=1600,"1600",IF(BA66<=1800,"1700～1800",IF(BA66<=2000,"1900～2000","2100以上")))))) -> 1700～1800 | BS66: =IF(A66="","",IF(AX66="G1","G1",IF(AX66="G2","G2",IF(AX66="G3","G3",IF(AX66="L","L","その他"))))) -> その他 | BT66: =IF(A66="","",IF(BI66="","未結合",IF(D66=BI66,"一致","不一致"))) -> 一致 | BU66: =IF(A66="","",IF(BE66="牝馬限定","牝馬限定","その他")) -> その他
A67: 46229 | B67: 札幌 | C67: 6 | D67: 12 | E67: 2 | F67: ミッキーテネシー | G67: 58 | H67: 9 | I67: ヘイジュード | J67: 44 | K67: 8 | L67: ゴコウコイコイ | M67: 37 | N67: =IF(A67="","",G67-J67) -> 14 | O67: =IF(A67="","",J67-M67) -> 7 | P67: =IF(A67="","",G67+J67) -> 102 | Q67: =IF(A67="","",IF(AND(Y67<>"参考",G67>=ルール設定!$B$2),"○","")) | R67: =IF(A67="","",IF(AND(Y67<>"参考",G67>=ルール設定!$B$3,N67>=ルール設定!$B$4),"○","")) | S67: =IF(A67="","",IF(AND(Y67<>"参考",G67>=ルール設定!$B$5,J67>=ルール設定!$B$6,O67>=ルール設定!$B$7),"○","")) | T67: 1 | U67: 3 | V67: =IF(A67="","",IF(AND(ISNUMBER(T67),ISNUMBER(U67)),IF(AND(T67<=3,U67<=3),"○","×"),"")) -> ○ | W67: 120 | X67: 180 | Y67: 事後発見 | AI67: 21 | AJ67: ～59 | AK67: 10～19 | AL67: 20～29 | AM67: 100～119 | AN67: 12～14 | AO67: =IF(A67="","",IF(COUNTIFS(全馬データ!$A$2:$A$50000,A67,全馬データ!$B$2:$B$50000,B67,全馬データ!$C$2:$C$50000,C67,全馬データ!$D$2:$D$50000,E67,全馬データ!$K$2:$K$50000,"<>")=0,"",SUMIFS(全馬データ!$K$2:$K$50000,全馬データ!$A$2:$A$50000,A67,全馬データ!$B$2:$B$50000,B67,全馬データ!$C$2:$C$50000,C67,全馬データ!$D$2:$D$50000,E67))) | AP67: =IF(A67="","",IF(AO67="","欠損",IF(AO67<=1.1,"1.0～1.1",IF(AO67<1.3,"1.2",IF(AO67<1.5,"1.3～1.4",IF(AO67<2,"1.5～1.9","2.0以上")))))) -> 欠損 | AQ67: =IF(A67="","",IF(ISNUMBER(SEARCH("2歳",Z67)),"2歳戦",IF(ISNUMBER(SEARCH("3歳未勝利",Z67)),"3歳未勝利",IF(ISNUMBER(SEARCH("未勝利",Z67)),"その他未勝利",IF(ISNUMBER(SEARCH("G1",Z67)),"G1",IF(ISNUMBER(SEARCH("G2",Z67)),"G2",IF(ISNUMBER(SEARCH("G3",Z67)),"G3",IF(ISNUMBER(SEARCH("古馬条件",Z67)),"古馬条件戦",IF(ISNUMBER(SEARCH("重賞",Z67)),"重賞","分類不能"))))))))) -> 分類不能 | AS67: 12 | AT67: 3歳 | AU67: A3 | AV67: 未勝利 | AY67: 1 | AZ67: 芝 | BA67: 2000 | BB67: 11 | BC67: 良 | BD67: 002 | BE67: 指定なし | BF67: 0 | BG67: 3 | BH67: 馬齢 | BI67: 12 | BJ67: 1 | BK67: 右 | BL67: 1 | BM67: 通常(内) | BN67: 1 | BO67: A | BP67: 3 | BQ67: =IF(A67="","",AT67) -> 3歳 | BR67: =IF(A67="","",IF(BA67<=1200,"～1200",IF(BA67<=1500,"1300～1500",IF(BA67=1600,"1600",IF(BA67<=1800,"1700～1800",IF(BA67<=2000,"1900～2000","2100以上")))))) -> 1900～2000 | BS67: =IF(A67="","",IF(AX67="G1","G1",IF(AX67="G2","G2",IF(AX67="G3","G3",IF(AX67="L","L","その他"))))) -> その他 | BT67: =IF(A67="","",IF(BI67="","未結合",IF(D67=BI67,"一致","不一致"))) -> 一致 | BU67: =IF(A67="","",IF(BE67="牝馬限定","牝馬限定","その他")) -> その他
A68: 46229 | B68: 札幌 | C68: 7 | D68: 7 | E68: 4 | F68: ロードヴァルカン | G68: 74 | H68: 5 | I68: ビタミンドロップ | J68: 39 | K68: 6 | L68: ナムラモモ | M68: 39 | N68: =IF(A68="","",G68-J68) -> 35 | O68: =IF(A68="","",J68-M68) -> 0 | P68: =IF(A68="","",G68+J68) -> 113 | Q68: =IF(A68="","",IF(AND(Y68<>"参考",G68>=ルール設定!$B$2),"○","")) | R68: =IF(A68="","",IF(AND(Y68<>"参考",G68>=ルール設定!$B$3,N68>=ルール設定!$B$4),"○","")) -> ○ | S68: =IF(A68="","",IF(AND(Y68<>"参考",G68>=ルール設定!$B$5,J68>=ルール設定!$B$6,O68>=ルール設定!$B$7),"○","")) | T68: 3 | U68: 4 | V68: =IF(A68="","",IF(AND(ISNUMBER(T68),ISNUMBER(U68)),IF(AND(T68<=3,U68<=3),"○","×"),"")) -> × | Y68: 事後発見 | Z68: 同率は馬番順で上位3頭欄へ | AE68: ○ | AI68: 35 | AJ68: 70～74 | AK68: 30以上 | AL68: 30～39 | AM68: 100～119 | AN68: 7以下 | AO68: =IF(A68="","",IF(COUNTIFS(全馬データ!$A$2:$A$50000,A68,全馬データ!$B$2:$B$50000,B68,全馬データ!$C$2:$C$50000,C68,全馬データ!$D$2:$D$50000,E68,全馬データ!$K$2:$K$50000,"<>")=0,"",SUMIFS(全馬データ!$K$2:$K$50000,全馬データ!$A$2:$A$50000,A68,全馬データ!$B$2:$B$50000,B68,全馬データ!$C$2:$C$50000,C68,全馬データ!$D$2:$D$50000,E68))) | AP68: =IF(A68="","",IF(AO68="","欠損",IF(AO68<=1.1,"1.0～1.1",IF(AO68<1.3,"1.2",IF(AO68<1.5,"1.3～1.4",IF(AO68<2,"1.5～1.9","2.0以上")))))) -> 欠損 | AQ68: =IF(A68="","",IF(ISNUMBER(SEARCH("2歳",Z68)),"2歳戦",IF(ISNUMBER(SEARCH("3歳未勝利",Z68)),"3歳未勝利",IF(ISNUMBER(SEARCH("未勝利",Z68)),"その他未勝利",IF(ISNUMBER(SEARCH("G1",Z68)),"G1",IF(ISNUMBER(SEARCH("G2",Z68)),"G2",IF(ISNUMBER(SEARCH("G3",Z68)),"G3",IF(ISNUMBER(SEARCH("古馬条件",Z68)),"古馬条件戦",IF(ISNUMBER(SEARCH("重賞",Z68)),"重賞","分類不能"))))))))) -> 分類不能 | AS68: 13 | AT68: 3歳以上 | AU68: 05 | AV68: 1勝クラス | AY68: 2 | AZ68: ダート | BA68: 1000 | BB68: 11 | BC68: 良 | BD68: 102 | BE68: 指定なし | BF68: 0 | BG68: 4 | BH68: 定量 | BI68: 7 | BJ68: 1 | BK68: 右 | BL68: 1 | BM68: 通常(内) | BP68: 3 | BQ68: =IF(A68="","",AT68) -> 3歳以上 | BR68: =IF(A68="","",IF(BA68<=1200,"～1200",IF(BA68<=1500,"1300～1500",IF(BA68=1600,"1600",IF(BA68<=1800,"1700～1800",IF(BA68<=2000,"1900～2000","2100以上")))))) -> ～1200 | BS68: =IF(A68="","",IF(AX68="G1","G1",IF(AX68="G2","G2",IF(AX68="G3","G3",IF(AX68="L","L","その他"))))) -> その他 | BT68: =IF(A68="","",IF(BI68="","未結合",IF(D68=BI68,"一致","不一致"))) -> 一致 | BU68: =IF(A68="","",IF(BE68="牝馬限定","牝馬限定","その他")) -> その他
A69: 46229 | B69: 札幌 | C69: 8 | D69: 12 | E69: 10 | F69: クイーンズワーフ | G69: 34 | H69: 8 | I69: ダノンフィオーレ | J69: 29 | K69: 12 | L69: トレヴィ | M69: 29 | N69: =IF(A69="","",G69-J69) -> 5 | O69: =IF(A69="","",J69-M69) -> 0 | P69: =IF(A69="","",G69+J69) -> 63 | Q69: =IF(A69="","",IF(AND(Y69<>"参考",G69>=ルール設定!$B$2),"○","")) | R69: =IF(A69="","",IF(AND(Y69<>"参考",G69>=ルール設定!$B$3,N69>=ルール設定!$B$4),"○","")) | S69: =IF(A69="","",IF(AND(Y69<>"参考",G69>=ルール設定!$B$5,J69>=ルール設定!$B$6,O69>=ルール設定!$B$7),"○","")) | T69: 4 | U69: 3 | V69: =IF(A69="","",IF(AND(ISNUMBER(T69),ISNUMBER(U69)),IF(AND(T69<=3,U69<=3),"○","×"),"")) -> × | Y69: 事後発見 | Z69: 同率は馬番順で上位3頭欄へ | AI69: 5 | AJ69: ～59 | AK69: 5～9 | AL69: 0～9 | AM69: ～99 | AN69: 12～14 | AO69: =IF(A69="","",IF(COUNTIFS(全馬データ!$A$2:$A$50000,A69,全馬データ!$B$2:$B$50000,B69,全馬データ!$C$2:$C$50000,C69,全馬データ!$D$2:$D$50000,E69,全馬データ!$K$2:$K$50000,"<>")=0,"",SUMIFS(全馬データ!$K$2:$K$50000,全馬データ!$A$2:$A$50000,A69,全馬データ!$B$2:$B$50000,B69,全馬データ!$C$2:$C$50000,C69,全馬データ!$D$2:$D$50000,E69))) | AP69: =IF(A69="","",IF(AO69="","欠損",IF(AO69<=1.1,"1.0～1.1",IF(AO69<1.3,"1.2",IF(AO69<1.5,"1.3～1.4",IF(AO69<2,"1.5～1.9","2.0以上")))))) -> 欠損 | AQ69: =IF(A69="","",IF(ISNUMBER(SEARCH("2歳",Z69)),"2歳戦",IF(ISNUMBER(SEARCH("3歳未勝利",Z69)),"3歳未勝利",IF(ISNUMBER(SEARCH("未勝利",Z69)),"その他未勝利",IF(ISNUMBER(SEARCH("G1",Z69)),"G1",IF(ISNUMBER(SEARCH("G2",Z69)),"G2",IF(ISNUMBER(SEARCH("G3",Z69)),"G3",IF(ISNUMBER(SEARCH("古馬条件",Z69)),"古馬条件戦",IF(ISNUMBER(SEARCH("重賞",Z69)),"重賞","分類不能"))))))))) -> 分類不能 | AS69: 13 | AT69: 3歳以上 | AU69: 05 | AV69: 1勝クラス | AY69: 1 | AZ69: 芝 | BA69: 1500 | BB69: 11 | BC69: 良 | BD69: 103 | BE69: 指定なし | BF69: 0 | BG69: 4 | BH69: 定量 | BI69: 12 | BJ69: 1 | BK69: 右 | BL69: 1 | BM69: 通常(内) | BN69: 1 | BO69: A | BP69: 3 | BQ69: =IF(A69="","",AT69) -> 3歳以上 | BR69: =IF(A69="","",IF(BA69<=1200,"～1200",IF(BA69<=1500,"1300～1500",IF(BA69=1600,"1600",IF(BA69<=1800,"1700～1800",IF(BA69<=2000,"1900～2000","2100以上")))))) -> 1300～1500 | BS69: =IF(A69="","",IF(AX69="G1","G1",IF(AX69="G2","G2",IF(AX69="G3","G3",IF(AX69="L","L","その他"))))) -> その他 | BT69: =IF(A69="","",IF(BI69="","未結合",IF(D69=BI69,"一致","不一致"))) -> 一致 | BU69: =IF(A69="","",IF(BE69="牝馬限定","牝馬限定","その他")) -> その他
A70: 46229 | B70: 札幌 | C70: 9 | D70: 8 | E70: 1 | F70: ルージュビバーチェ | G70: 65 | H70: 5 | I70: マーゴットサンズ | J70: 65 | K70: 6 | L70: カルミアクラウン | M70: 44 | N70: =IF(A70="","",G70-J70) -> 0 | O70: =IF(A70="","",J70-M70) -> 21 | P70: =IF(A70="","",G70+J70) -> 130 | Q70: =IF(A70="","",IF(AND(Y70<>"参考",G70>=ルール設定!$B$2),"○","")) | R70: =IF(A70="","",IF(AND(Y70<>"参考",G70>=ルール設定!$B$3,N70>=ルール設定!$B$4),"○","")) | S70: =IF(A70="","",IF(AND(Y70<>"参考",G70>=ルール設定!$B$5,J70>=ルール設定!$B$6,O70>=ルール設定!$B$7),"○","")) -> ○ | T70: 2 | U70: 1 | V70: =IF(A70="","",IF(AND(ISNUMBER(T70),ISNUMBER(U70)),IF(AND(T70<=3,U70<=3),"○","×"),"")) -> ○ | W70: 130 | X70: 170 | Y70: 事後発見 | Z70: 同率は馬番順で上位3頭欄へ | AI70: 21 | AJ70: 60～69 | AK70: 0～4 | AL70: 20～29 | AM70: 120～139 | AN70: 8～11 | AO70: =IF(A70="","",IF(COUNTIFS(全馬データ!$A$2:$A$50000,A70,全馬データ!$B$2:$B$50000,B70,全馬データ!$C$2:$C$50000,C70,全馬データ!$D$2:$D$50000,E70,全馬データ!$K$2:$K$50000,"<>")=0,"",SUMIFS(全馬データ!$K$2:$K$50000,全馬データ!$A$2:$A$50000,A70,全馬データ!$B$2:$B$50000,B70,全馬データ!$C$2:$C$50000,C70,全馬データ!$D$2:$D$50000,E70))) | AP70: =IF(A70="","",IF(AO70="","欠損",IF(AO70<=1.1,"1.0～1.1",IF(AO70<1.3,"1.2",IF(AO70<1.5,"1.3～1.4",IF(AO70<2,"1.5～1.9","2.0以上")))))) -> 欠損 | AQ70: =IF(A70="","",IF(ISNUMBER(SEARCH("2歳",Z70)),"2歳戦",IF(ISNUMBER(SEARCH("3歳未勝利",Z70)),"3歳未勝利",IF(ISNUMBER(SEARCH("未勝利",Z70)),"その他未勝利",IF(ISNUMBER(SEARCH("G1",Z70)),"G1",IF(ISNUMBER(SEARCH("G2",Z70)),"G2",IF(ISNUMBER(SEARCH("G3",Z70)),"G3",IF(ISNUMBER(SEARCH("古馬条件",Z70)),"古馬条件戦",IF(ISNUMBER(SEARCH("重賞",Z70)),"重賞","分類不能"))))))))) -> 分類不能 | AS70: 13 | AT70: 3歳以上 | AU70: 05 | AV70: 1勝クラス | AY70: 2 | AZ70: ダート | BA70: 1700 | BB70: 11 | BC70: 良 | BD70: 022 | BE70: 牝馬限定 | BF70: 1 | BG70: 4 | BH70: 定量 | BI70: 8 | BJ70: 1 | BK70: 右 | BL70: 1 | BM70: 通常(内) | BP70: 3 | BQ70: =IF(A70="","",AT70) -> 3歳以上 | BR70: =IF(A70="","",IF(BA70<=1200,"～1200",IF(BA70<=1500,"1300～1500",IF(BA70=1600,"1600",IF(BA70<=1800,"1700～1800",IF(BA70<=2000,"1900～2000","2100以上")))))) -> 1700～1800 | BS70: =IF(A70="","",IF(AX70="G1","G1",IF(AX70="G2","G2",IF(AX70="G3","G3",IF(AX70="L","L","その他"))))) -> その他 | BT70: =IF(A70="","",IF(BI70="","未結合",IF(D70=BI70,"一致","不一致"))) -> 一致 | BU70: =IF(A70="","",IF(BE70="牝馬限定","牝馬限定","その他")) -> 牝馬限定
A71: 46229 | B71: 札幌 | C71: 10 | D71: 10 | E71: 1 | F71: アルデトップガン | G71: 58 | H71: 9 | I71: ジャズ | J71: 50 | K71: 6 | L71: ショウナンカリス | M71: 44 | N71: =IF(A71="","",G71-J71) -> 8 | O71: =IF(A71="","",J71-M71) -> 6 | P71: =IF(A71="","",G71+J71) -> 108 | Q71: =IF(A71="","",IF(AND(Y71<>"参考",G71>=ルール設定!$B$2),"○","")) | R71: =IF(A71="","",IF(AND(Y71<>"参考",G71>=ルール設定!$B$3,N71>=ルール設定!$B$4),"○","")) | S71: =IF(A71="","",IF(AND(Y71<>"参考",G71>=ルール設定!$B$5,J71>=ルール設定!$B$6,O71>=ルール設定!$B$7),"○","")) | T71: 3 | U71: 4 | V71: =IF(A71="","",IF(AND(ISNUMBER(T71),ISNUMBER(U71)),IF(AND(T71<=3,U71<=3),"○","×"),"")) -> × | W71: 210 | Y71: 事後発見 | AI71: 14 | AJ71: ～59 | AK71: 5～9 | AL71: 10～19 | AM71: 100～119 | AN71: 8～11 | AO71: =IF(A71="","",IF(COUNTIFS(全馬データ!$A$2:$A$50000,A71,全馬データ!$B$2:$B$50000,B71,全馬データ!$C$2:$C$50000,C71,全馬データ!$D$2:$D$50000,E71,全馬データ!$K$2:$K$50000,"<>")=0,"",SUMIFS(全馬データ!$K$2:$K$50000,全馬データ!$A$2:$A$50000,A71,全馬データ!$B$2:$B$50000,B71,全馬データ!$C$2:$C$50000,C71,全馬データ!$D$2:$D$50000,E71))) | AP71: =IF(A71="","",IF(AO71="","欠損",IF(AO71<=1.1,"1.0～1.1",IF(AO71<1.3,"1.2",IF(AO71<1.5,"1.3～1.4",IF(AO71<2,"1.5～1.9","2.0以上")))))) -> 欠損 | AQ71: =IF(A71="","",IF(ISNUMBER(SEARCH("2歳",Z71)),"2歳戦",IF(ISNUMBER(SEARCH("3歳未勝利",Z71)),"3歳未勝利",IF(ISNUMBER(SEARCH("未勝利",Z71)),"その他未勝利",IF(ISNUMBER(SEARCH("G1",Z71)),"G1",IF(ISNUMBER(SEARCH("G2",Z71)),"G2",IF(ISNUMBER(SEARCH("G3",Z71)),"G3",IF(ISNUMBER(SEARCH("古馬条件",Z71)),"古馬条件戦",IF(ISNUMBER(SEARCH("重賞",Z71)),"重賞","分類不能"))))))))) -> 分類不能 | AR71: 羊ヶ丘特別 | AS71: 13 | AT71: 3歳以上 | AU71: 10 | AV71: 2勝クラス | AW71: 5 | AX71: 特別 | AY71: 1 | AZ71: 芝 | BA71: 1500 | BB71: 11 | BC71: 良 | BD71: 102 | BE71: 指定なし | BF71: 0 | BG71: 1 | BH71: ハンデ | BI71: 10 | BJ71: 1 | BK71: 右 | BL71: 1 | BM71: 通常(内) | BN71: 1 | BO71: A | BP71: 3 | BQ71: =IF(A71="","",AT71) -> 3歳以上 | BR71: =IF(A71="","",IF(BA71<=1200,"～1200",IF(BA71<=1500,"1300～1500",IF(BA71=1600,"1600",IF(BA71<=1800,"1700～1800",IF(BA71<=2000,"1900～2000","2100以上")))))) -> 1300～1500 | BS71: =IF(A71="","",IF(AX71="G1","G1",IF(AX71="G2","G2",IF(AX71="G3","G3",IF(AX71="L","L","その他"))))) -> その他 | BT71: =IF(A71="","",IF(BI71="","未結合",IF(D71=BI71,"一致","不一致"))) -> 一致 | BU71: =IF(A71="","",IF(BE71="牝馬限定","牝馬限定","その他")) -> その他
A72: 46229 | B72: 札幌 | C72: 11 | D72: 13 | E72: 2 | F72: ミラージュナイト | G72: 62 | H72: 3 | I72: レクスノヴァス | J72: 37 | K72: 11 | L72: アマキヒ | M72: 34 | N72: =IF(A72="","",G72-J72) -> 25 | O72: =IF(A72="","",J72-M72) -> 3 | P72: =IF(A72="","",G72+J72) -> 99 | Q72: =IF(A72="","",IF(AND(Y72<>"参考",G72>=ルール設定!$B$2),"○","")) | R72: =IF(A72="","",IF(AND(Y72<>"参考",G72>=ルール設定!$B$3,N72>=ルール設定!$B$4),"○","")) | S72: =IF(A72="","",IF(AND(Y72<>"参考",G72>=ルール設定!$B$5,J72>=ルール設定!$B$6,O72>=ルール設定!$B$7),"○","")) | T72: 1 | U72: 4 | V72: =IF(A72="","",IF(AND(ISNUMBER(T72),ISNUMBER(U72)),IF(AND(T72<=3,U72<=3),"○","×"),"")) -> × | W72: 120 | Y72: 事後発見 | AI72: 28 | AJ72: 60～69 | AK72: 20～29 | AL72: 20～29 | AM72: ～99 | AN72: 12～14 | AO72: =IF(A72="","",IF(COUNTIFS(全馬データ!$A$2:$A$50000,A72,全馬データ!$B$2:$B$50000,B72,全馬データ!$C$2:$C$50000,C72,全馬データ!$D$2:$D$50000,E72,全馬データ!$K$2:$K$50000,"<>")=0,"",SUMIFS(全馬データ!$K$2:$K$50000,全馬データ!$A$2:$A$50000,A72,全馬データ!$B$2:$B$50000,B72,全馬データ!$C$2:$C$50000,C72,全馬データ!$D$2:$D$50000,E72))) | AP72: =IF(A72="","",IF(AO72="","欠損",IF(AO72<=1.1,"1.0～1.1",IF(AO72<1.3,"1.2",IF(AO72<1.5,"1.3～1.4",IF(AO72<2,"1.5～1.9","2.0以上")))))) -> 欠損 | AQ72: =IF(A72="","",IF(ISNUMBER(SEARCH("2歳",Z72)),"2歳戦",IF(ISNUMBER(SEARCH("3歳未勝利",Z72)),"3歳未勝利",IF(ISNUMBER(SEARCH("未勝利",Z72)),"その他未勝利",IF(ISNUMBER(SEARCH("G1",Z72)),"G1",IF(ISNUMBER(SEARCH("G2",Z72)),"G2",IF(ISNUMBER(SEARCH("G3",Z72)),"G3",IF(ISNUMBER(SEARCH("古馬条件",Z72)),"古馬条件戦",IF(ISNUMBER(SEARCH("重賞",Z72)),"重賞","分類不能"))))))))) -> 分類不能 | AR72: 札幌日経賞 | AS72: 13 | AT72: 3歳以上 | AU72: OP | AV72: オープン | AW72: 6 | AX72: L | AY72: 1 | AZ72: 芝 | BA72: 2600 | BB72: 11 | BC72: 良 | BD72: 503 | BE72: 指定なし | BF72: 0 | BG72: 2 | BH72: 別定 | BI72: 13 | BJ72: 1 | BK72: 右 | BL72: 1 | BM72: 通常(内) | BN72: 1 | BO72: A | BP72: 3 | BQ72: =IF(A72="","",AT72) -> 3歳以上 | BR72: =IF(A72="","",IF(BA72<=1200,"～1200",IF(BA72<=1500,"1300～1500",IF(BA72=1600,"1600",IF(BA72<=1800,"1700～1800",IF(BA72<=2000,"1900～2000","2100以上")))))) -> 2100以上 | BS72: =IF(A72="","",IF(AX72="G1","G1",IF(AX72="G2","G2",IF(AX72="G3","G3",IF(AX72="L","L","その他"))))) -> L | BT72: =IF(A72="","",IF(BI72="","未結合",IF(D72=BI72,"一致","不一致"))) -> 一致 | BU72: =IF(A72="","",IF(BE72="牝馬限定","牝馬限定","その他")) -> その他
A73: 46229 | B73: 札幌 | C73: 12 | D73: 9 | E73: 8 | F73: デルシエロ | G73: 62 | H73: 1 | I73: クリスレジーナ | J73: 52 | K73: 7 | L73: フリーガ | M73: 34 | N73: =IF(A73="","",G73-J73) -> 10 | O73: =IF(A73="","",J73-M73) -> 18 | P73: =IF(A73="","",G73+J73) -> 114 | Q73: =IF(A73="","",IF(AND(Y73<>"参考",G73>=ルール設定!$B$2),"○","")) | R73: =IF(A73="","",IF(AND(Y73<>"参考",G73>=ルール設定!$B$3,N73>=ルール設定!$B$4),"○","")) | S73: =IF(A73="","",IF(AND(Y73<>"参考",G73>=ルール設定!$B$5,J73>=ルール設定!$B$6,O73>=ルール設定!$B$7),"○","")) | T73: 4 | U73: 3 | V73: =IF(A73="","",IF(AND(ISNUMBER(T73),ISNUMBER(U73)),IF(AND(T73<=3,U73<=3),"○","×"),"")) -> × | Y73: 事後発見 | Z73: 同率は馬番順で上位3頭欄へ | AI73: 28 | AJ73: 60～69 | AK73: 10～19 | AL73: 20～29 | AM73: 100～119 | AN73: 8～11 | AO73: =IF(A73="","",IF(COUNTIFS(全馬データ!$A$2:$A$50000,A73,全馬データ!$B$2:$B$50000,B73,全馬データ!$C$2:$C$50000,C73,全馬データ!$D$2:$D$50000,E73,全馬データ!$K$2:$K$50000,"<>")=0,"",SUMIFS(全馬データ!$K$2:$K$50000,全馬データ!$A$2:$A$50000,A73,全馬データ!$B$2:$B$50000,B73,全馬データ!$C$2:$C$50000,C73,全馬データ!$D$2:$D$50000,E73))) | AP73: =IF(A73="","",IF(AO73="","欠損",IF(AO73<=1.1,"1.0～1.1",IF(AO73<1.3,"1.2",IF(AO73<1.5,"1.3～1.4",IF(AO73<2,"1.5～1.9","2.0以上")))))) -> 欠損 | AQ73: =IF(A73="","",IF(ISNUMBER(SEARCH("2歳",Z73)),"2歳戦",IF(ISNUMBER(SEARCH("3歳未勝利",Z73)),"3歳未勝利",IF(ISNUMBER(SEARCH("未勝利",Z73)),"その他未勝利",IF(ISNUMBER(SEARCH("G1",Z73)),"G1",IF(ISNUMBER(SEARCH("G2",Z73)),"G2",IF(ISNUMBER(SEARCH("G3",Z73)),"G3",IF(ISNUMBER(SEARCH("古馬条件",Z73)),"古馬条件戦",IF(ISNUMBER(SEARCH("重賞",Z73)),"重賞","分類不能"))))))))) -> 分類不能 | AR73: 厚岸特別 | AS73: 13 | AT73: 3歳以上 | AU73: 05 | AV73: 1勝クラス | AW73: 5 | AX73: 特別 | AY73: 1 | AZ73: 芝 | BA73: 2000 | BB73: 11 | BC73: 良 | BD73: 103 | BE73: 指定なし | BF73: 0 | BG73: 4 | BH73: 定量 | BI73: 9 | BJ73: 1 | BK73: 右 | BL73: 1 | BM73: 通常(内) | BN73: 1 | BO73: A | BP73: 3 | BQ73: =IF(A73="","",AT73) -> 3歳以上 | BR73: =IF(A73="","",IF(BA73<=1200,"～1200",IF(BA73<=1500,"1300～1500",IF(BA73=1600,"1600",IF(BA73<=1800,"1700～1800",IF(BA73<=2000,"1900～2000","2100以上")))))) -> 1900～2000 | BS73: =IF(A73="","",IF(AX73="G1","G1",IF(AX73="G2","G2",IF(AX73="G3","G3",IF(AX73="L","L","その他"))))) -> その他 | BT73: =IF(A73="","",IF(BI73="","未結合",IF(D73=BI73,"一致","不一致"))) -> 一致 | BU73: =IF(A73="","",IF(BE73="牝馬限定","牝馬限定","その他")) -> その他
A74: 46221 | B74: 福島 | C74: 1 | D74: 13 | E74: 4 | F74: サリードゥ | G74: 81 | H74: 8 | I74: シュネーバレン | J74: 66 | K74: 5 | L74: エーアイクワイ | M74: 41 | N74: =IF(A74="","",G74-J74) -> 15 | O74: =IF(A74="","",J74-M74) -> 25 | P74: =IF(A74="","",G74+J74) -> 147 | Q74: =IF(A74="","",IF(AND(Y74<>"参考",G74>=ルール設定!$B$2),"○","")) -> ○ | R74: =IF(A74="","",IF(AND(Y74<>"参考",G74>=ルール設定!$B$3,N74>=ルール設定!$B$4),"○","")) | S74: =IF(A74="","",IF(AND(Y74<>"参考",G74>=ルール設定!$B$5,J74>=ルール設定!$B$6,O74>=ルール設定!$B$7),"○","")) -> ○ | T74: 4 | U74: 3 | V74: =IF(A74="","",IF(AND(ISNUMBER(T74),ISNUMBER(U74)),IF(AND(T74<=3,U74<=3),"○","×"),"")) -> × | Y74: 事後発見 | Z74: 画像OCR＋上位色目視補正／公式結果突合 | AB74: ○ | AC74: ○ | AF74: ○ | AG74: ○ | AI74: 40 | AJ74: 80～84 | AK74: 10～19 | AL74: 40以上 | AM74: 140～159 | AN74: 12～14 | AO74: =IF(A74="","",IF(COUNTIFS(全馬データ!$A$2:$A$50000,A74,全馬データ!$B$2:$B$50000,B74,全馬データ!$C$2:$C$50000,C74,全馬データ!$D$2:$D$50000,E74,全馬データ!$K$2:$K$50000,"<>")=0,"",SUMIFS(全馬データ!$K$2:$K$50000,全馬データ!$A$2:$A$50000,A74,全馬データ!$B$2:$B$50000,B74,全馬データ!$C$2:$C$50000,C74,全馬データ!$D$2:$D$50000,E74))) -> 1.1 | AP74: =IF(A74="","",IF(AO74="","欠損",IF(AO74<=1.1,"1.0～1.1",IF(AO74<1.3,"1.2",IF(AO74<1.5,"1.3～1.4",IF(AO74<2,"1.5～1.9","2.0以上")))))) -> 1.0～1.1 | AQ74: =IF(A74="","",IF(ISNUMBER(SEARCH("2歳",Z74)),"2歳戦",IF(ISNUMBER(SEARCH("3歳未勝利",Z74)),"3歳未勝利",IF(ISNUMBER(SEARCH("未勝利",Z74)),"その他未勝利",IF(ISNUMBER(SEARCH("G1",Z74)),"G1",IF(ISNUMBER(SEARCH("G2",Z74)),"G2",IF(ISNUMBER(SEARCH("G3",Z74)),"G3",IF(ISNUMBER(SEARCH("古馬条件",Z74)),"古馬条件戦",IF(ISNUMBER(SEARCH("重賞",Z74)),"重賞","分類不能"))))))))) -> 分類不能 | AS74: 11 | AT74: 2歳 | AU74: A3 | AV74: 未勝利 | AY74: 1 | AZ74: 芝 | BA74: 1200 | BB74: 11 | BC74: 良 | BD74: 102 | BE74: 指定なし | BF74: 0 | BG74: 3 | BH74: 馬齢 | BI74: 13 | BJ74: 1 | BK74: 右 | BL74: 1 | BM74: 通常(内) | BN74: 4 | BO74: B | BP74: 1 | BQ74: =IF(A74="","",AT74) -> 2歳 | BR74: =IF(A74="","",IF(BA74<=1200,"～1200",IF(BA74<=1500,"1300～1500",IF(BA74=1600,"1600",IF(BA74<=1800,"1700～1800",IF(BA74<=2000,"1900～2000","2100以上")))))) -> ～1200 | BS74: =IF(A74="","",IF(AX74="G1","G1",IF(AX74="G2","G2",IF(AX74="G3","G3",IF(AX74="L","L","その他"))))) -> その他 | BT74: =IF(A74="","",IF(BI74="","未結合",IF(D74=BI74,"一致","不一致"))) -> 一致 | BU74: =IF(A74="","",IF(BE74="牝馬限定","牝馬限定","その他")) -> その他
A75: 46221 | B75: 福島 | C75: 2 | D75: 9 | E75: 2 | F75: ビップヴィーナス | G75: 81 | H75: 1 | I75: サノノキセキ | J75: 58 | K75: 3 | L75: ウィナーズチェック | M75: 39 | N75: =IF(A75="","",G75-J75) -> 23 | O75: =IF(A75="","",J75-M75) -> 19 | P75: =IF(A75="","",G75+J75) -> 139 | Q75: =IF(A75="","",IF(AND(Y75<>"参考",G75>=ルール設定!$B$2),"○","")) -> ○ | R75: =IF(A75="","",IF(AND(Y75<>"参考",G75>=ルール設定!$B$3,N75>=ルール設定!$B$4),"○","")) | S75: =IF(A75="","",IF(AND(Y75<>"参考",G75>=ルール設定!$B$5,J75>=ルール設定!$B$6,O75>=ルール設定!$B$7),"○","")) | T75: 1 | U75: 3 | V75: =IF(A75="","",IF(AND(ISNUMBER(T75),ISNUMBER(U75)),IF(AND(T75<=3,U75<=3),"○","×"),"")) -> ○ | W75: 110 | X75: 120 | Y75: 事後発見 | Z75: 画像OCR＋上位色目視補正／公式結果突合 | AB75: ○ | AC75: ○ | AG75: ○ | AI75: 42 | AJ75: 80～84 | AK75: 20～29 | AL75: 40以上 | AM75: 120～139 | AN75: 8～11 | AO75: =IF(A75="","",IF(COUNTIFS(全馬データ!$A$2:$A$50000,A75,全馬データ!$B$2:$B$50000,B75,全馬データ!$C$2:$C$50000,C75,全馬データ!$D$2:$D$50000,E75,全馬データ!$K$2:$K$50000,"<>")=0,"",SUMIFS(全馬データ!$K$2:$K$50000,全馬データ!$A$2:$A$50000,A75,全馬データ!$B$2:$B$50000,B75,全馬データ!$C$2:$C$50000,C75,全馬データ!$D$2:$D$50000,E75))) -> 1.1 | AP75: =IF(A75="","",IF(AO75="","欠損",IF(AO75<=1.1,"1.0～1.1",IF(AO75<1.3,"1.2",IF(AO75<1.5,"1.3～1.4",IF(AO75<2,"1.5～1.9","2.0以上")))))) -> 1.0～1.1 | AQ75: =IF(A75="","",IF(ISNUMBER(SEARCH("2歳",Z75)),"2歳戦",IF(ISNUMBER(SEARCH("3歳未勝利",Z75)),"3歳未勝利",IF(ISNUMBER(SEARCH("未勝利",Z75)),"その他未勝利",IF(ISNUMBER(SEARCH("G1",Z75)),"G1",IF(ISNUMBER(SEARCH("G2",Z75)),"G2",IF(ISNUMBER(SEARCH("G3",Z75)),"G3",IF(ISNUMBER(SEARCH("古馬条件",Z75)),"古馬条件戦",IF(ISNUMBER(SEARCH("重賞",Z75)),"重賞","分類不能"))))))))) -> 分類不能 | AS75: 11 | AT75: 2歳 | AU75: A3 | AV75: 未勝利 | AY75: 1 | AZ75: 芝 | BA75: 1800 | BB75: 11 | BC75: 良 | BD75: 002 | BE75: 指定なし | BF75: 0 | BG75: 3 | BH75: 馬齢 | BI75: 9 | BJ75: 1 | BK75: 右 | BL75: 1 | BM75: 通常(内) | BN75: 4 | BO75: B | BP75: 1 | BQ75: =IF(A75="","",AT75) -> 2歳 | BR75: =IF(A75="","",IF(BA75<=1200,"～1200",IF(BA75<=1500,"1300～1500",IF(BA75=1600,"1600",IF(BA75<=1800,"1700～1800",IF(BA75<=2000,"1900～2000","2100以上")))))) -> 1700～1800 | BS75: =IF(A75="","",IF(AX75="G1","G1",IF(AX75="G2","G2",IF(AX75="G3","G3",IF(AX75="L","L","その他"))))) -> その他 | BT75: =IF(A75="","",IF(BI75="","未結合",IF(D75=BI75,"一致","不一致"))) -> 一致 | BU75: =IF(A75="","",IF(BE75="牝馬限定","牝馬限定","その他")) -> その他
A76: 46221 | B76: 福島 | C76: 3 | D76: 16 | E76: 9 | F76: ハングローズ | G76: 62 | H76: 6 | I76: ニンジャトットリ | J76: 52 | K76: 13 | L76: ゲンテン | M76: 34 | N76: =IF(A76="","",G76-J76) -> 10 | O76: =IF(A76="","",J76-M76) -> 18 | P76: =IF(A76="","",G76+J76) -> 114 | Q76: =IF(A76="","",IF(AND(Y76<>"参考",G76>=ルール設定!$B$2),"○","")) | R76: =IF(A76="","",IF(AND(Y76<>"参考",G76>=ルール設定!$B$3,N76>=ルール設定!$B$4),"○","")) | S76: =IF(A76="","",IF(AND(Y76<>"参考",G76>=ルール設定!$B$5,J76>=ルール設定!$B$6,O76>=ルール設定!$B$7),"○","")) | T76: 3 | U76: 2 | V76: =IF(A76="","",IF(AND(ISNUMBER(T76),ISNUMBER(U76)),IF(AND(T76<=3,U76<=3),"○","×"),"")) -> ○ | W76: 120 | X76: 190 | Y76: 事後発見 | Z76: 画像OCR＋上位色目視補正／公式結果突合 | AI76: 28 | AJ76: 60～69 | AK76: 10～19 | AL76: 20～29 | AM76: 100～119 | AN76: 15以上 | AO76: =IF(A76="","",IF(COUNTIFS(全馬データ!$A$2:$A$50000,A76,全馬データ!$B$2:$B$50000,B76,全馬データ!$C$2:$C$50000,C76,全馬データ!$D$2:$D$50000,E76,全馬データ!$K$2:$K$50000,"<>")=0,"",SUMIFS(全馬データ!$K$2:$K$50000,全馬データ!$A$2:$A$50000,A76,全馬データ!$B$2:$B$50000,B76,全馬データ!$C$2:$C$50000,C76,全馬データ!$D$2:$D$50000,E76))) | AP76: =IF(A76="","",IF(AO76="","欠損",IF(AO76<=1.1,"1.0～1.1",IF(AO76<1.3,"1.2",IF(AO76<1.5,"1.3～1.4",IF(AO76<2,"1.5～1.9","2.0以上")))))) -> 欠損 | AQ76: =IF(A76="","",IF(ISNUMBER(SEARCH("2歳",Z76)),"2歳戦",IF(ISNUMBER(SEARCH("3歳未勝利",Z76)),"3歳未勝利",IF(ISNUMBER(SEARCH("未勝利",Z76)),"その他未勝利",IF(ISNUMBER(SEARCH("G1",Z76)),"G1",IF(ISNUMBER(SEARCH("G2",Z76)),"G2",IF(ISNUMBER(SEARCH("G3",Z76)),"G3",IF(ISNUMBER(SEARCH("古馬条件",Z76)),"古馬条件戦",IF(ISNUMBER(SEARCH("重賞",Z76)),"重賞","分類不能"))))))))) -> 分類不能 | AS76: 12 | AT76: 3歳 | AU76: A3 | AV76: 未勝利 | AY76: 2 | AZ76: ダート | BA76: 1150 | BB76: 11 | BC76: 良 | BD76: 002 | BE76: 指定なし | BF76: 0 | BG76: 3 | BH76: 馬齢 | BI76: 16 | BJ76: 1 | BK76: 右 | BL76: 1 | BM76: 通常(内) | BP76: 1 | BQ76: =IF(A76="","",AT76) -> 3歳 | BR76: =IF(A76="","",IF(BA76<=1200,"～1200",IF(BA76<=1500,"1300～1500",IF(BA76=1600,"1600",IF(BA76<=1800,"1700～1800",IF(BA76<=2000,"1900～2000","2100以上")))))) -> ～1200 | BS76: =IF(A76="","",IF(AX76="G1","G1",IF(AX76="G2","G2",IF(AX76="G3","G3",IF(AX76="L","L","その他"))))) -> その他 | BT76: =IF(A76="","",IF(BI76="","未結合",IF(D76=BI76,"一致","不一致"))) -> 一致 | BU76: =IF(A76="","",IF(BE76="牝馬限定","牝馬限定","その他")) -> その他
A77: 46221 | B77: 福島 | C77: 4 | D77: 16 | E77: 3 | F77: ハイティー | G77: 66 | H77: 2 | I77: ダイユウルミナス | J77: 44 | K77: 11 | L77: ラウンドヒル | M77: 39 | N77: =IF(A77="","",G77-J77) -> 22 | O77: =IF(A77="","",J77-M77) -> 5 | P77: =IF(A77="","",G77+J77) -> 110 | Q77: =IF(A77="","",IF(AND(Y77<>"参考",G77>=ルール設定!$B$2),"○","")) | R77: =IF(A77="","",IF(AND(Y77<>"参考",G77>=ルール設定!$B$3,N77>=ルール設定!$B$4),"○","")) | S77: =IF(A77="","",IF(AND(Y77<>"参考",G77>=ルール設定!$B$5,J77>=ルール設定!$B$6,O77>=ルール設定!$B$7),"○","")) | T77: 4 | U77: 4 | V77: =IF(A77="","",IF(AND(ISNUMBER(T77),ISNUMBER(U77)),IF(AND(T77<=3,U77<=3),"○","×"),"")) -> × | Y77: 事後発見 | Z77: 画像OCR＋上位色目視補正／公式結果突合 | AI77: 27 | AJ77: 60～69 | AK77: 20～29 | AL77: 20～29 | AM77: 100～119 | AN77: 15以上 | AO77: =IF(A77="","",IF(COUNTIFS(全馬データ!$A$2:$A$50000,A77,全馬データ!$B$2:$B$50000,B77,全馬データ!$C$2:$C$50000,C77,全馬データ!$D$2:$D$50000,E77,全馬データ!$K$2:$K$50000,"<>")=0,"",SUMIFS(全馬データ!$K$2:$K$50000,全馬データ!$A$2:$A$50000,A77,全馬データ!$B$2:$B$50000,B77,全馬データ!$C$2:$C$50000,C77,全馬データ!$D$2:$D$50000,E77))) | AP77: =IF(A77="","",IF(AO77="","欠損",IF(AO77<=1.1,"1.0～1.1",IF(AO77<1.3,"1.2",IF(AO77<1.5,"1.3～1.4",IF(AO77<2,"1.5～1.9","2.0以上")))))) -> 欠損 | AQ77: =IF(A77="","",IF(ISNUMBER(SEARCH("2歳",Z77)),"2歳戦",IF(ISNUMBER(SEARCH("3歳未勝利",Z77)),"3歳未勝利",IF(ISNUMBER(SEARCH("未勝利",Z77)),"その他未勝利",IF(ISNUMBER(SEARCH("G1",Z77)),"G1",IF(ISNUMBER(SEARCH("G2",Z77)),"G2",IF(ISNUMBER(SEARCH("G3",Z77)),"G3",IF(ISNUMBER(SEARCH("古馬条件",Z77)),"古馬条件戦",IF(ISNUMBER(SEARCH("重賞",Z77)),"重賞","分類不能"))))))))) -> 分類不能 | AS77: 12 | AT77: 3歳 | AU77: A3 | AV77: 未勝利 | AY77: 1 | AZ77: 芝 | BA77: 1200 | BB77: 11 | BC77: 良 | BD77: 102 | BE77: 指定なし | BF77: 0 | BG77: 3 | BH77: 馬齢 | BI77: 16 | BJ77: 1 | BK77: 右 | BL77: 1 | BM77: 通常(内) | BN77: 4 | BO77: B | BP77: 1 | BQ77: =IF(A77="","",AT77) -> 3歳 | BR77: =IF(A77="","",IF(BA77<=1200,"～1200",IF(BA77<=1500,"1300～1500",IF(BA77=1600,"1600",IF(BA77<=1800,"1700～1800",IF(BA77<=2000,"1900～2000","2100以上")))))) -> ～1200 | BS77: =IF(A77="","",IF(AX77="G1","G1",IF(AX77="G2","G2",IF(AX77="G3","G3",IF(AX77="L","L","その他"))))) -> その他 | BT77: =IF(A77="","",IF(BI77="","未結合",IF(D77=BI77,"一致","不一致"))) -> 一致 | BU77: =IF(A77="","",IF(BE77="牝馬限定","牝馬限定","その他")) -> その他
A78: 46221 | B78: 福島 | C78: 5 | D78: 15 | E78: 9 | F78: マリナーヴァレイ | G78: 31 | H78: 1 | I78: サウンズオーサム | J78: 27 | K78: 2 | L78: シルクドマルス | M78: 27 | N78: =IF(A78="","",G78-J78) -> 4 | O78: =IF(A78="","",J78-M78) -> 0 | P78: =IF(A78="","",G78+J78) -> 58 | Q78: =IF(A78="","",IF(AND(Y78<>"参考",G78>=ルール設定!$B$2),"○","")) | R78: =IF(A78="","",IF(AND(Y78<>"参考",G78>=ルール設定!$B$3,N78>=ルール設定!$B$4),"○","")) | S78: =IF(A78="","",IF(AND(Y78<>"参考",G78>=ルール設定!$B$5,J78>=ルール設定!$B$6,O78>=ルール設定!$B$7),"○","")) | T78: 4 | U78: 3 | V78: =IF(A78="","",IF(AND(ISNUMBER(T78),ISNUMBER(U78)),IF(AND(T78<=3,U78<=3),"○","×"),"")) -> × | Y78: 事後発見 | Z78: 画像OCR＋上位色目視補正／公式結果突合 | AI78: 4 | AJ78: ～59 | AK78: 0～4 | AL78: 0～9 | AM78: ～99 | AN78: 15以上 | AO78: =IF(A78="","",IF(COUNTIFS(全馬データ!$A$2:$A$50000,A78,全馬データ!$B$2:$B$50000,B78,全馬データ!$C$2:$C$50000,C78,全馬データ!$D$2:$D$50000,E78,全馬データ!$K$2:$K$50000,"<>")=0,"",SUMIFS(全馬データ!$K$2:$K$50000,全馬データ!$A$2:$A$50000,A78,全馬データ!$B$2:$B$50000,B78,全馬データ!$C$2:$C$50000,C78,全馬データ!$D$2:$D$50000,E78))) | AP78: =IF(A78="","",IF(AO78="","欠損",IF(AO78<=1.1,"1.0～1.1",IF(AO78<1.3,"1.2",IF(AO78<1.5,"1.3～1.4",IF(AO78<2,"1.5～1.9","2.0以上")))))) -> 欠損 | AQ78: =IF(A78="","",IF(ISNUMBER(SEARCH("2歳",Z78)),"2歳戦",IF(ISNUMBER(SEARCH("3歳未勝利",Z78)),"3歳未勝利",IF(ISNUMBER(SEARCH("未勝利",Z78)),"その他未勝利",IF(ISNUMBER(SEARCH("G1",Z78)),"G1",IF(ISNUMBER(SEARCH("G2",Z78)),"G2",IF(ISNUMBER(SEARCH("G3",Z78)),"G3",IF(ISNUMBER(SEARCH("古馬条件",Z78)),"古馬条件戦",IF(ISNUMBER(SEARCH("重賞",Z78)),"重賞","分類不能"))))))))) -> 分類不能 | AS78: 11 | AT78: 2歳 | AU78: A1 | AV78: 新馬 | AY78: 1 | AZ78: 芝 | BA78: 1800 | BB78: 11 | BC78: 良 | BD78: 022 | BE78: 牝馬限定 | BF78: 1 | BG78: 3 | BH78: 馬齢 | BI78: 15 | BJ78: 1 | BK78: 右 | BL78: 1 | BM78: 通常(内) | BN78: 4 | BO78: B | BP78: 1 | BQ78: =IF(A78="","",AT78) -> 2歳 | BR78: =IF(A78="","",IF(BA78<=1200,"～1200",IF(BA78<=1500,"1300～1500",IF(BA78=1600,"1600",IF(BA78<=1800,"1700～1800",IF(BA78<=2000,"1900～2000","2100以上")))))) -> 1700～1800 | BS78: =IF(A78="","",IF(AX78="G1","G1",IF(AX78="G2","G2",IF(AX78="G3","G3",IF(AX78="L","L","その他"))))) -> その他 | BT78: =IF(A78="","",IF(BI78="","未結合",IF(D78=BI78,"一致","不一致"))) -> 一致 | BU78: =IF(A78="","",IF(BE78="牝馬限定","牝馬限定","その他")) -> 牝馬限定
A79: 46221 | B79: 福島 | C79: 6 | D79: 15 | E79: 1 | F79: テンオンスゴールド | G79: 58 | H79: 15 | I79: アラビアンドリーム | J79: 56 | K79: 12 | L79: アデルフィー | M79: 50 | N79: =IF(A79="","",G79-J79) -> 2 | O79: =IF(A79="","",J79-M79) -> 6 | P79: =IF(A79="","",G79+J79) -> 114 | Q79: =IF(A79="","",IF(AND(Y79<>"参考",G79>=ルール設定!$B$2),"○","")) | R79: =IF(A79="","",IF(AND(Y79<>"参考",G79>=ルール設定!$B$3,N79>=ルール設定!$B$4),"○","")) | S79: =IF(A79="","",IF(AND(Y79<>"参考",G79>=ルール設定!$B$5,J79>=ルール設定!$B$6,O79>=ルール設定!$B$7),"○","")) | T79: 4 | U79: 2 | V79: =IF(A79="","",IF(AND(ISNUMBER(T79),ISNUMBER(U79)),IF(AND(T79<=3,U79<=3),"○","×"),"")) -> × | Y79: 事後発見 | Z79: 画像OCR＋上位色目視補正／公式結果突合 | AI79: 8 | AJ79: ～59 | AK79: 0～4 | AL79: 0～9 | AM79: 100～119 | AN79: 15以上 | AO79: =IF(A79="","",IF(COUNTIFS(全馬データ!$A$2:$A$50000,A79,全馬データ!$B$2:$B$50000,B79,全馬データ!$C$2:$C$50000,C79,全馬データ!$D$2:$D$50000,E79,全馬データ!$K$2:$K$50000,"<>")=0,"",SUMIFS(全馬データ!$K$2:$K$50000,全馬データ!$A$2:$A$50000,A79,全馬データ!$B$2:$B$50000,B79,全馬データ!$C$2:$C$50000,C79,全馬データ!$D$2:$D$50000,E79))) | AP79: =IF(A79="","",IF(AO79="","欠損",IF(AO79<=1.1,"1.0～1.1",IF(AO79<1.3,"1.2",IF(AO79<1.5,"1.3～1.4",IF(AO79<2,"1.5～1.9","2.0以上")))))) -> 欠損 | AQ79: =IF(A79="","",IF(ISNUMBER(SEARCH("2歳",Z79)),"2歳戦",IF(ISNUMBER(SEARCH("3歳未勝利",Z79)),"3歳未勝利",IF(ISNUMBER(SEARCH("未勝利",Z79)),"その他未勝利",IF(ISNUMBER(SEARCH("G1",Z79)),"G1",IF(ISNUMBER(SEARCH("G2",Z79)),"G2",IF(ISNUMBER(SEARCH("G3",Z79)),"G3",IF(ISNUMBER(SEARCH("古馬条件",Z79)),"古馬条件戦",IF(ISNUMBER(SEARCH("重賞",Z79)),"重賞","分類不能"))))))))) -> 分類不能 | AS79: 12 | AT79: 3歳 | AU79: A3 | AV79: 未勝利 | AY79: 2 | AZ79: ダート | BA79: 1700 | BB79: 11 | BC79: 良 | BD79: 002 | BE79: 指定なし | BF79: 0 | BG79: 3 | BH79: 馬齢 | BI79: 15 | BJ79: 1 | BK79: 右 | BL79: 1 | BM79: 通常(内) | BP79: 1 | BQ79: =IF(A79="","",AT79) -> 3歳 | BR79: =IF(A79="","",IF(BA79<=1200,"～1200",IF(BA79<=1500,"1300～1500",IF(BA79=1600,"1600",IF(BA79<=1800,"1700～1800",IF(BA79<=2000,"1900～2000","2100以上")))))) -> 1700～1800 | BS79: =IF(A79="","",IF(AX79="G1","G1",IF(AX79="G2","G2",IF(AX79="G3","G3",IF(AX79="L","L","その他"))))) -> その他 | BT79: =IF(A79="","",IF(BI79="","未結合",IF(D79=BI79,"一致","不一致"))) -> 一致 | BU79: =IF(A79="","",IF(BE79="牝馬限定","牝馬限定","その他")) -> その他
A80: 46221 | B80: 福島 | C80: 7 | D80: 16 | E80: 12 | F80: ベルトラッキ | G80: 62 | H80: 11 | I80: アッシズオブローズ | J80: 44 | K80: 4 | L80: ベアダイヤモンド | M80: 41 | N80: =IF(A80="","",G80-J80) -> 18 | O80: =IF(A80="","",J80-M80) -> 3 | P80: =IF(A80="","",G80+J80) -> 106 | Q80: =IF(A80="","",IF(AND(Y80<>"参考",G80>=ルール設定!$B$2),"○","")) | R80: =IF(A80="","",IF(AND(Y80<>"参考",G80>=ルール設定!$B$3,N80>=ルール設定!$B$4),"○","")) | S80: =IF(A80="","",IF(AND(Y80<>"参考",G80>=ルール設定!$B$5,J80>=ルール設定!$B$6,O80>=ルール設定!$B$7),"○","")) | T80: 4 | U80: 1 | V80: =IF(A80="","",IF(AND(ISNUMBER(T80),ISNUMBER(U80)),IF(AND(T80<=3,U80<=3),"○","×"),"")) -> × | Y80: 事後発見 | Z80: 画像OCR＋上位色目視補正／公式結果突合 | AI80: 21 | AJ80: 60～69 | AK80: 10～19 | AL80: 20～29 | AM80: 100～119 | AN80: 15以上 | AO80: =IF(A80="","",IF(COUNTIFS(全馬データ!$A$2:$A$50000,A80,全馬データ!$B$2:$B$50000,B80,全馬データ!$C$2:$C$50000,C80,全馬データ!$D$2:$D$50000,E80,全馬データ!$K$2:$K$50000,"<>")=0,"",SUMIFS(全馬データ!$K$2:$K$50000,全馬データ!$A$2:$A$50000,A80,全馬データ!$B$2:$B$50000,B80,全馬データ!$C$2:$C$50000,C80,全馬データ!$D$2:$D$50000,E80))) | AP80: =IF(A80="","",IF(AO80="","欠損",IF(AO80<=1.1,"1.0～1.1",IF(AO80<1.3,"1.2",IF(AO80<1.5,"1.3～1.4",IF(AO80<2,"1.5～1.9","2.0以上")))))) -> 欠損 | AQ80: =IF(A80="","",IF(ISNUMBER(SEARCH("2歳",Z80)),"2歳戦",IF(ISNUMBER(SEARCH("3歳未勝利",Z80)),"3歳未勝利",IF(ISNUMBER(SEARCH("未勝利",Z80)),"その他未勝利",IF(ISNUMBER(SEARCH("G1",Z80)),"G1",IF(ISNUMBER(SEARCH("G2",Z80)),"G2",IF(ISNUMBER(SEARCH("G3",Z80)),"G3",IF(ISNUMBER(SEARCH("古馬条件",Z80)),"古馬条件戦",IF(ISNUMBER(SEARCH("重賞",Z80)),"重賞","分類不能"))))))))) -> 分類不能 | AS80: 12 | AT80: 3歳 | AU80: A3 | AV80: 未勝利 | AY80: 1 | AZ80: 芝 | BA80: 2000 | BB80: 11 | BC80: 良 | BD80: 102 | BE80: 指定なし | BF80: 0 | BG80: 3 | BH80: 馬齢 | BI80: 16 | BJ80: 1 | BK80: 右 | BL80: 1 | BM80: 通常(内) | BN80: 4 | BO80: B | BP80: 1 | BQ80: =IF(A80="","",AT80) -> 3歳 | BR80: =IF(A80="","",IF(BA80<=1200,"～1200",IF(BA80<=1500,"1300～1500",IF(BA80=1600,"1600",IF(BA80<=1800,"1700～1800",IF(BA80<=2000,"1900～2000","2100以上")))))) -> 1900～2000 | BS80: =IF(A80="","",IF(AX80="G1","G1",IF(AX80="G2","G2",IF(AX80="G3","G3",IF(AX80="L","L","その他"))))) -> その他 | BT80: =IF(A80="","",IF(BI80="","未結合",IF(D80=BI80,"一致","不一致"))) -> 一致 | BU80: =IF(A80="","",IF(BE80="牝馬限定","牝馬限定","その他")) -> その他
A81: 46221 | B81: 福島 | C81: 8 | D81: 16 | E81: 2 | F81: ブルズアイプリンス | G81: 44 | H81: 10 | I81: ダノンゴーイチ | J81: 39 | K81: 5 | L81: ロンドンアームズ | M81: 37 | N81: =IF(A81="","",G81-J81) -> 5 | O81: =IF(A81="","",J81-M81) -> 2 | P81: =IF(A81="","",G81+J81) -> 83 | Q81: =IF(A81="","",IF(AND(Y81<>"参考",G81>=ルール設定!$B$2),"○","")) | R81: =IF(A81="","",IF(AND(Y81<>"参考",G81>=ルール設定!$B$3,N81>=ルール設定!$B$4),"○","")) | S81: =IF(A81="","",IF(AND(Y81<>"参考",G81>=ルール設定!$B$5,J81>=ルール設定!$B$6,O81>=ルール設定!$B$7),"○","")) | T81: 4 | U81: 4 | V81: =IF(A81="","",IF(AND(ISNUMBER(T81),ISNUMBER(U81)),IF(AND(T81<=3,U81<=3),"○","×"),"")) -> × | Y81: 事後発見 | Z81: 画像OCR＋上位色目視補正／公式結果突合 | AI81: 7 | AJ81: ～59 | AK81: 5～9 | AL81: 0～9 | AM81: ～99 | AN81: 15以上 | AO81: =IF(A81="","",IF(COUNTIFS(全馬データ!$A$2:$A$50000,A81,全馬データ!$B$2:$B$50000,B81,全馬データ!$C$2:$C$50000,C81,全馬データ!$D$2:$D$50000,E81,全馬データ!$K$2:$K$50000,"<>")=0,"",SUMIFS(全馬データ!$K$2:$K$50000,全馬データ!$A$2:$A$50000,A81,全馬データ!$B$2:$B$50000,B81,全馬データ!$C$2:$C$50000,C81,全馬データ!$D$2:$D$50000,E81))) | AP81: =IF(A81="","",IF(AO81="","欠損",IF(AO81<=1.1,"1.0～1.1",IF(AO81<1.3,"1.2",IF(AO81<1.5,"1.3～1.4",IF(AO81<2,"1.5～1.9","2.0以上")))))) -> 欠損 | AQ81: =IF(A81="","",IF(ISNUMBER(SEARCH("2歳",Z81)),"2歳戦",IF(ISNUMBER(SEARCH("3歳未勝利",Z81)),"3歳未勝利",IF(ISNUMBER(SEARCH("未勝利",Z81)),"その他未勝利",IF(ISNUMBER(SEARCH("G1",Z81)),"G1",IF(ISNUMBER(SEARCH("G2",Z81)),"G2",IF(ISNUMBER(SEARCH("G3",Z81)),"G3",IF(ISNUMBER(SEARCH("古馬条件",Z81)),"古馬条件戦",IF(ISNUMBER(SEARCH("重賞",Z81)),"重賞","分類不能"))))))))) -> 分類不能 | AS81: 13 | AT81: 3歳以上 | AU81: 05 | AV81: 1勝クラス | AY81: 1 | AZ81: 芝 | BA81: 1200 | BB81: 11 | BC81: 良 | BD81: 102 | BE81: 指定なし | BF81: 0 | BG81: 4 | BH81: 定量 | BI81: 16 | BJ81: 1 | BK81: 右 | BL81: 1 | BM81: 通常(内) | BN81: 4 | BO81: B | BP81: 1 | BQ81: =IF(A81="","",AT81) -> 3歳以上 | BR81: =IF(A81="","",IF(BA81<=1200,"～1200",IF(BA81<=1500,"1300～1500",IF(BA81=1600,"1600",IF(BA81<=1800,"1700～1800",IF(BA81<=2000,"1900～2000","2100以上")))))) -> ～1200 | BS81: =IF(A81="","",IF(AX81="G1","G1",IF(AX81="G2","G2",IF(AX81="G3","G3",IF(AX81="L","L","その他"))))) -> その他 | BT81: =IF(A81="","",IF(BI81="","未結合",IF(D81=BI81,"一致","不一致"))) -> 一致 | BU81: =IF(A81="","",IF(BE81="牝馬限定","牝馬限定","その他")) -> その他
A82: 46221 | B82: 福島 | C82: 9 | D82: 12 | E82: 5 | F82: ドリームプレミア | G82: 81 | H82: 11 | I82: ノリマル | J82: 41 | K82: 7 | L82: オメガストリーム | M82: 29 | N82: =IF(A82="","",G82-J82) -> 40 | O82: =IF(A82="","",J82-M82) -> 12 | P82: =IF(A82="","",G82+J82) -> 122 | Q82: =IF(A82="","",IF(AND(Y82<>"参考",G82>=ルール設定!$B$2),"○","")) -> ○ | R82: =IF(A82="","",IF(AND(Y82<>"参考",G82>=ルール設定!$B$3,N82>=ルール設定!$B$4),"○","")) -> ○ | S82: =IF(A82="","",IF(AND(Y82<>"参考",G82>=ルール設定!$B$5,J82>=ルール設定!$B$6,O82>=ルール設定!$B$7),"○","")) | T82: 3 | U82: 2 | V82: =IF(A82="","",IF(AND(ISNUMBER(T82),ISNUMBER(U82)),IF(AND(T82<=3,U82<=3),"○","×"),"")) -> ○ | W82: 110 | X82: 180 | Y82: 事後発見 | Z82: 画像OCR＋上位色目視補正／公式結果突合 | AB82: ○ | AD82: ○ | AG82: ○ | AI82: 52 | AJ82: 80～84 | AK82: 30以上 | AL82: 40以上 | AM82: 120～139 | AN82: 12～14 | AO82: =IF(A82="","",IF(COUNTIFS(全馬データ!$A$2:$A$50000,A82,全馬データ!$B$2:$B$50000,B82,全馬データ!$C$2:$C$50000,C82,全馬データ!$D$2:$D$50000,E82,全馬データ!$K$2:$K$50000,"<>")=0,"",SUMIFS(全馬データ!$K$2:$K$50000,全馬データ!$A$2:$A$50000,A82,全馬データ!$B$2:$B$50000,B82,全馬データ!$C$2:$C$50000,C82,全馬データ!$D$2:$D$50000,E82))) -> 1.1 | AP82: =IF(A82="","",IF(AO82="","欠損",IF(AO82<=1.1,"1.0～1.1",IF(AO82<1.3,"1.2",IF(AO82<1.5,"1.3～1.4",IF(AO82<2,"1.5～1.9","2.0以上")))))) -> 1.0～1.1 | AQ82: =IF(A82="","",IF(ISNUMBER(SEARCH("2歳",Z82)),"2歳戦",IF(ISNUMBER(SEARCH("3歳未勝利",Z82)),"3歳未勝利",IF(ISNUMBER(SEARCH("未勝利",Z82)),"その他未勝利",IF(ISNUMBER(SEARCH("G1",Z82)),"G1",IF(ISNUMBER(SEARCH("G2",Z82)),"G2",IF(ISNUMBER(SEARCH("G3",Z82)),"G3",IF(ISNUMBER(SEARCH("古馬条件",Z82)),"古馬条件戦",IF(ISNUMBER(SEARCH("重賞",Z82)),"重賞","分類不能"))))))))) -> 分類不能 | AR82: 開成山特別 | AS82: 13 | AT82: 3歳以上 | AU82: 05 | AV82: 1勝クラス | AW82: 5 | AX82: 特別 | AY82: 1 | AZ82: 芝 | BA82: 2600 | BB82: 11 | BC82: 良 | BD82: 103 | BE82: 指定なし | BF82: 0 | BG82: 4 | BH82: 定量 | BI82: 12 | BJ82: 1 | BK82: 右 | BL82: 1 | BM82: 通常(内) | BN82: 4 | BO82: B | BP82: 1 | BQ82: =IF(A82="","",AT82) -> 3歳以上 | BR82: =IF(A82="","",IF(BA82<=1200,"～1200",IF(BA82<=1500,"1300～1500",IF(BA82=1600,"1600",IF(BA82<=1800,"1700～1800",IF(BA82<=2000,"1900～2000","2100以上")))))) -> 2100以上 | BS82: =IF(A82="","",IF(AX82="G1","G1",IF(AX82="G2","G2",IF(AX82="G3","G3",IF(AX82="L","L","その他"))))) -> その他 | BT82: =IF(A82="","",IF(BI82="","未結合",IF(D82=BI82,"一致","不一致"))) -> 一致 | BU82: =IF(A82="","",IF(BE82="牝馬限定","牝馬限定","その他")) -> その他
A83: 46221 | B83: 福島 | C83: 10 | D83: 15 | E83: 3 | F83: グロスビーク | G83: 47 | H83: 6 | I83: レッドベルダンス | J83: 47 | K83: 12 | L83: タケルハーロック | M83: 31 | N83: =IF(A83="","",G83-J83) -> 0 | O83: =IF(A83="","",J83-M83) -> 16 | P83: =IF(A83="","",G83+J83) -> 94 | Q83: =IF(A83="","",IF(AND(Y83<>"参考",G83>=ルール設定!$B$2),"○","")) | R83: =IF(A83="","",IF(AND(Y83<>"参考",G83>=ルール設定!$B$3,N83>=ルール設定!$B$4),"○","")) | S83: =IF(A83="","",IF(AND(Y83<>"参考",G83>=ルール設定!$B$5,J83>=ルール設定!$B$6,O83>=ルール設定!$B$7),"○","")) | T83: 4 | U83: 3 | V83: =IF(A83="","",IF(AND(ISNUMBER(T83),ISNUMBER(U83)),IF(AND(T83<=3,U83<=3),"○","×"),"")) -> × | Y83: 事後発見 | Z83: 画像OCR＋上位色目視補正／公式結果突合 | AI83: 16 | AJ83: ～59 | AK83: 0～4 | AL83: 10～19 | AM83: ～99 | AN83: 15以上 | AO83: =IF(A83="","",IF(COUNTIFS(全馬データ!$A$2:$A$50000,A83,全馬データ!$B$2:$B$50000,B83,全馬データ!$C$2:$C$50000,C83,全馬データ!$D$2:$D$50000,E83,全馬データ!$K$2:$K$50000,"<>")=0,"",SUMIFS(全馬データ!$K$2:$K$50000,全馬データ!$A$2:$A$50000,A83,全馬データ!$B$2:$B$50000,B83,全馬データ!$C$2:$C$50000,C83,全馬データ!$D$2:$D$50000,E83))) | AP83: =IF(A83="","",IF(AO83="","欠損",IF(AO83<=1.1,"1.0～1.1",IF(AO83<1.3,"1.2",IF(AO83<1.5,"1.3～1.4",IF(AO83<2,"1.5～1.9","2.0以上")))))) -> 欠損 | AQ83: =IF(A83="","",IF(ISNUMBER(SEARCH("2歳",Z83)),"2歳戦",IF(ISNUMBER(SEARCH("3歳未勝利",Z83)),"3歳未勝利",IF(ISNUMBER(SEARCH("未勝利",Z83)),"その他未勝利",IF(ISNUMBER(SEARCH("G1",Z83)),"G1",IF(ISNUMBER(SEARCH("G2",Z83)),"G2",IF(ISNUMBER(SEARCH("G3",Z83)),"G3",IF(ISNUMBER(SEARCH("古馬条件",Z83)),"古馬条件戦",IF(ISNUMBER(SEARCH("重賞",Z83)),"重賞","分類不能"))))))))) -> 分類不能 | AR83: 米沢特別 | AS83: 13 | AT83: 3歳以上 | AU83: 10 | AV83: 2勝クラス | AW83: 5 | AX83: 特別 | AY83: 2 | AZ83: ダート | BA83: 1700 | BB83: 11 | BC83: 良 | BD83: 102 | BE83: 指定なし | BF83: 0 | BG83: 4 | BH83: 定量 | BI83: 15 | BJ83: 1 | BK83: 右 | BL83: 1 | BM83: 通常(内) | BP83: 1 | BQ83: =IF(A83="","",AT83) -> 3歳以上 | BR83: =IF(A83="","",IF(BA83<=1200,"～1200",IF(BA83<=1500,"1300～1500",IF(BA83=1600,"1600",IF(BA83<=1800,"1700～1800",IF(BA83<=2000,"1900～2000","2100以上")))))) -> 1700～1800 | BS83: =IF(A83="","",IF(AX83="G1","G1",IF(AX83="G2","G2",IF(AX83="G3","G3",IF(AX83="L","L","その他"))))) -> その他 | BT83: =IF(A83="","",IF(BI83="","未結合",IF(D83=BI83,"一致","不一致"))) -> 一致 | BU83: =IF(A83="","",IF(BE83="牝馬限定","牝馬限定","その他")) -> その他
A84: 46221 | B84: 福島 | C84: 11 | D84: 16 | E84: 16 | F84: フォルラニーニ | G84: 56 | H84: 13 | I84: ミラビリスマジック | J84: 41 | K84: 6 | L84: タイキラフター | M84: 31 | N84: =IF(A84="","",G84-J84) -> 15 | O84: =IF(A84="","",J84-M84) -> 10 | P84: =IF(A84="","",G84+J84) -> 97 | Q84: =IF(A84="","",IF(AND(Y84<>"参考",G84>=ルール設定!$B$2),"○","")) | R84: =IF(A84="","",IF(AND(Y84<>"参考",G84>=ルール設定!$B$3,N84>=ルール設定!$B$4),"○","")) | S84: =IF(A84="","",IF(AND(Y84<>"参考",G84>=ルール設定!$B$5,J84>=ルール設定!$B$6,O84>=ルール設定!$B$7),"○","")) | T84: 4 | U84: 1 | V84: =IF(A84="","",IF(AND(ISNUMBER(T84),ISNUMBER(U84)),IF(AND(T84<=3,U84<=3),"○","×"),"")) -> × | Y84: 事後発見 | Z84: 画像OCR＋上位色目視補正／公式結果突合 | AI84: 25 | AJ84: ～59 | AK84: 10～19 | AL84: 20～29 | AM84: ～99 | AN84: 15以上 | AO84: =IF(A84="","",IF(COUNTIFS(全馬データ!$A$2:$A$50000,A84,全馬データ!$B$2:$B$50000,B84,全馬データ!$C$2:$C$50000,C84,全馬データ!$D$2:$D$50000,E84,全馬データ!$K$2:$K$50000,"<>")=0,"",SUMIFS(全馬データ!$K$2:$K$50000,全馬データ!$A$2:$A$50000,A84,全馬データ!$B$2:$B$50000,B84,全馬データ!$C$2:$C$50000,C84,全馬データ!$D$2:$D$50000,E84))) | AP84: =IF(A84="","",IF(AO84="","欠損",IF(AO84<=1.1,"1.0～1.1",IF(AO84<1.3,"1.2",IF(AO84<1.5,"1.3～1.4",IF(AO84<2,"1.5～1.9","2.0以上")))))) -> 欠損 | AQ84: =IF(A84="","",IF(ISNUMBER(SEARCH("2歳",Z84)),"2歳戦",IF(ISNUMBER(SEARCH("3歳未勝利",Z84)),"3歳未勝利",IF(ISNUMBER(SEARCH("未勝利",Z84)),"その他未勝利",IF(ISNUMBER(SEARCH("G1",Z84)),"G1",IF(ISNUMBER(SEARCH("G2",Z84)),"G2",IF(ISNUMBER(SEARCH("G3",Z84)),"G3",IF(ISNUMBER(SEARCH("古馬条件",Z84)),"古馬条件戦",IF(ISNUMBER(SEARCH("重賞",Z84)),"重賞","分類不能"))))))))) -> 分類不能 | AR84: 阿武隈ステークス | AS84: 13 | AT84: 3歳以上 | AU84: 16 | AV84: 3勝クラス | AW84: 5 | AX84: 特別 | AY84: 1 | AZ84: 芝 | BA84: 1800 | BB84: 11 | BC84: 良 | BD84: 102 | BE84: 指定なし | BF84: 0 | BG84: 1 | BH84: ハンデ | BI84: 16 | BJ84: 1 | BK84: 右 | BL84: 1 | BM84: 通常(内) | BN84: 4 | BO84: B | BP84: 1 | BQ84: =IF(A84="","",AT84) -> 3歳以上 | BR84: =IF(A84="","",IF(BA84<=1200,"～1200",IF(BA84<=1500,"1300～1500",IF(BA84=1600,"1600",IF(BA84<=1800,"1700～1800",IF(BA84<=2000,"1900～2000","2100以上")))))) -> 1700～1800 | BS84: =IF(A84="","",IF(AX84="G1","G1",IF(AX84="G2","G2",IF(AX84="G3","G3",IF(AX84="L","L","その他"))))) -> その他 | BT84: =IF(A84="","",IF(BI84="","未結合",IF(D84=BI84,"一致","不一致"))) -> 一致 | BU84: =IF(A84="","",IF(BE84="牝馬限定","牝馬限定","その他")) -> その他
A85: 46221 | B85: 福島 | C85: 12 | D85: 16 | E85: 13 | F85: ベルゼビュート | G85: 58 | H85: 2 | I85: ソニックブレイカー | J85: 52 | K85: 6 | L85: ロイヤルスパイア | M85: 39 | N85: =IF(A85="","",G85-J85) -> 6 | O85: =IF(A85="","",J85-M85) -> 13 | P85: =IF(A85="","",G85+J85) -> 110 | Q85: =IF(A85="","",IF(AND(Y85<>"参考",G85>=ルール設定!$B$2),"○","")) | R85: =IF(A85="","",IF(AND(Y85<>"参考",G85>=ルール設定!$B$3,N85>=ルール設定!$B$4),"○","")) | S85: =IF(A85="","",IF(AND(Y85<>"参考",G85>=ルール設定!$B$5,J85>=ルール設定!$B$6,O85>=ルール設定!$B$7),"○","")) | T85: 4 | U85: 2 | V85: =IF(A85="","",IF(AND(ISNUMBER(T85),ISNUMBER(U85)),IF(AND(T85<=3,U85<=3),"○","×"),"")) -> × | Y85: 事後発見 | Z85: 画像OCR＋上位色目視補正／公式結果突合 | AI85: 19 | AJ85: ～59 | AK85: 5～9 | AL85: 10～19 | AM85: 100～119 | AN85: 15以上 | AO85: =IF(A85="","",IF(COUNTIFS(全馬データ!$A$2:$A$50000,A85,全馬データ!$B$2:$B$50000,B85,全馬データ!$C$2:$C$50000,C85,全馬データ!$D$2:$D$50000,E85,全馬データ!$K$2:$K$50000,"<>")=0,"",SUMIFS(全馬データ!$K$2:$K$50000,全馬データ!$A$2:$A$50000,A85,全馬データ!$B$2:$B$50000,B85,全馬データ!$C$2:$C$50000,C85,全馬データ!$D$2:$D$50000,E85))) | AP85: =IF(A85="","",IF(AO85="","欠損",IF(AO85<=1.1,"1.0～1.1",IF(AO85<1.3,"1.2",IF(AO85<1.5,"1.3～1.4",IF(AO85<2,"1.5～1.9","2.0以上")))))) -> 欠損 | AQ85: =IF(A85="","",IF(ISNUMBER(SEARCH("2歳",Z85)),"2歳戦",IF(ISNUMBER(SEARCH("3歳未勝利",Z85)),"3歳未勝利",IF(ISNUMBER(SEARCH("未勝利",Z85)),"その他未勝利",IF(ISNUMBER(SEARCH("G1",Z85)),"G1",IF(ISNUMBER(SEARCH("G2",Z85)),"G2",IF(ISNUMBER(SEARCH("G3",Z85)),"G3",IF(ISNUMBER(SEARCH("古馬条件",Z85)),"古馬条件戦",IF(ISNUMBER(SEARCH("重賞",Z85)),"重賞","分類不能"))))))))) -> 分類不能 | AS85: 13 | AT85: 3歳以上 | AU85: 05 | AV85: 1勝クラス | AY85: 2 | AZ85: ダート | BA85: 1150 | BB85: 11 | BC85: 良 | BD85: 102 | BE85: 指定なし | BF85: 0 | BG85: 4 | BH85: 定量 | BI85: 16 | BJ85: 1 | BK85: 右 | BL85: 1 | BM85: 通常(内) | BP85: 1 | BQ85: =IF(A85="","",AT85) -> 3歳以上 | BR85: =IF(A85="","",IF(BA85<=1200,"～1200",IF(BA85<=1500,"1300～1500",IF(BA85=1600,"1600",IF(BA85<=1800,"1700～1800",IF(BA85<=2000,"1900～2000","2100以上")))))) -> ～1200 | BS85: =IF(A85="","",IF(AX85="G1","G1",IF(AX85="G2","G2",IF(AX85="G3","G3",IF(AX85="L","L","その他"))))) -> その他 | BT85: =IF(A85="","",IF(BI85="","未結合",IF(D85=BI85,"一致","不一致"))) -> 一致 | BU85: =IF(A85="","",IF(BE85="牝馬限定","牝馬限定","その他")) -> その他
A86: 46221 | B86: 小倉 | C86: 1 | D86: 12 | E86: 5 | F86: トゥデイイズザデイ | G86: 58 | H86: 1 | I86: フジフォンテ | J86: 37 | K86: 6 | L86: メイショウトム | M86: 37 | N86: =IF(A86="","",G86-J86) -> 21 | O86: =IF(A86="","",J86-M86) -> 0 | P86: =IF(A86="","",G86+J86) -> 95 | Q86: =IF(A86="","",IF(AND(Y86<>"参考",G86>=ルール設定!$B$2),"○","")) | R86: =IF(A86="","",IF(AND(Y86<>"参考",G86>=ルール設定!$B$3,N86>=ルール設定!$B$4),"○","")) | S86: =IF(A86="","",IF(AND(Y86<>"参考",G86>=ルール設定!$B$5,J86>=ルール設定!$B$6,O86>=ルール設定!$B$7),"○","")) | T86: 4 | U86: 4 | V86: =IF(A86="","",IF(AND(ISNUMBER(T86),ISNUMBER(U86)),IF(AND(T86<=3,U86<=3),"○","×"),"")) -> × | Y86: 事後発見 | Z86: 画像OCR＋上位色目視補正／公式結果突合 | AI86: 21 | AJ86: ～59 | AK86: 20～29 | AL86: 20～29 | AM86: ～99 | AN86: 12～14 | AO86: =IF(A86="","",IF(COUNTIFS(全馬データ!$A$2:$A$50000,A86,全馬データ!$B$2:$B$50000,B86,全馬データ!$C$2:$C$50000,C86,全馬データ!$D$2:$D$50000,E86,全馬データ!$K$2:$K$50000,"<>")=0,"",SUMIFS(全馬データ!$K$2:$K$50000,全馬データ!$A$2:$A$50000,A86,全馬データ!$B$2:$B$50000,B86,全馬データ!$C$2:$C$50000,C86,全馬データ!$D$2:$D$50000,E86))) | AP86: =IF(A86="","",IF(AO86="","欠損",IF(AO86<=1.1,"1.0～1.1",IF(AO86<1.3,"1.2",IF(AO86<1.5,"1.3～1.4",IF(AO86<2,"1.5～1.9","2.0以上")))))) -> 欠損 | AQ86: =IF(A86="","",IF(ISNUMBER(SEARCH("2歳",Z86)),"2歳戦",IF(ISNUMBER(SEARCH("3歳未勝利",Z86)),"3歳未勝利",IF(ISNUMBER(SEARCH("未勝利",Z86)),"その他未勝利",IF(ISNUMBER(SEARCH("G1",Z86)),"G1",IF(ISNUMBER(SEARCH("G2",Z86)),"G2",IF(ISNUMBER(SEARCH("G3",Z86)),"G3",IF(ISNUMBER(SEARCH("古馬条件",Z86)),"古馬条件戦",IF(ISNUMBER(SEARCH("重賞",Z86)),"重賞","分類不能"))))))))) -> 分類不能 | AS86: 20 | AT86: 障害 | AU86: A3 | AV86: 未勝利 | AY86: 3 | AZ86: 障害 | BA86: 2860 | BB86: 20 | BC86: 稍重 | BD86: 100 | BE86: 指定なし | BF86: 0 | BG86: 4 | BH86: 定量 | BI86: 12 | BJ86: 9 | BK86: 他 | BL86: 9 | BM86: 他 | BP86: 2 | BQ86: =IF(A86="","",AT86) -> 障害 | BR86: =IF(A86="","",IF(BA86<=1200,"～1200",IF(BA86<=1500,"1300～1500",IF(BA86=1600,"1600",IF(BA86<=1800,"1700～1800",IF(BA86<=2000,"1900～2000","2100以上")))))) -> 2100以上 | BS86: =IF(A86="","",IF(AX86="G1","G1",IF(AX86="G2","G2",IF(AX86="G3","G3",IF(AX86="L","L","その他"))))) -> その他 | BT86: =IF(A86="","",IF(BI86="","未結合",IF(D86=BI86,"一致","不一致"))) -> 一致 | BU86: =IF(A86="","",IF(BE86="牝馬限定","牝馬限定","その他")) -> その他
